id,sku,field,existing_value,archive_value,final_value,reason
product-nwl6949,NWL6949,title,Set of 6 Camille Gauthier French Art Nouveau Ombelle Foliate Carved Side Chairs,Set of 6 Camille Gauthier French Art Nouveau Ombelle Foliate Carved Side Chairs,Set of 6 Camille Gauthier French Art Nouveau Ombelle Foliate Carved Side Chairs,unchanged-same
product-nwl6949,NWL6949,description,"SET of 6 French Art Nouveau side chairs with the backs having a centered carved ombelle and foliate reticulated frame (NOTE: 2 upholstered in a gold velvet damask, 4 unupholstered) (PRICED AS SET)(CAMILLE GAUTHIER).","SET of 6 French Art Nouveau side chairs with the backs having a centered carved ombelle and foliate reticulated frame (NOTE: 2 upholstered in a gold velvet damask, 4 unupholstered) (PRICED AS SET)(CAMILLE GAUTHIER).","SET of 6 French Art Nouveau side chairs with the backs having a centered carved ombelle and foliate reticulated frame (NOTE: 2 upholstered in a gold velvet damask, 4 unupholstered) (PRICED AS SET)(CAMILLE GAUTHIER).",unchanged-same
product-nwl6949,NWL6949,dimensions,,,,both-empty
product-nwl6949,NWL6949,price,"$18,500","$18,500","$18,500",unchanged-same
product-nwl6949,NWL6949,material,,"Carved, upholstered, velvet, wood","Carved, upholstered, velvet, wood",filled-from-archive
product-nwl6949,NWL6949,style,Art Nouveau,Art Nouveau,Art Nouveau,unchanged-same
product-nwl6949,NWL6949,period,,,,both-empty
product-nwl6949,NWL6949,availability,,,,both-empty
product-duf0266b,DUF0266B,title,Edward J Wormley for Dunbar Furniture Co. Mid-Century American Walnut Chest,Edward J Wormley for Dunbar Furniture Co. Mid-Century American Walnut Chest,Edward J Wormley for Dunbar Furniture Co. Mid-Century American Walnut Chest,unchanged-same
product-duf0266b,DUF0266B,description,"American Mid-Century walnut cabinet with two tambour doors, the left with 4 larger pull out drawers, and the right with 8 drawers of alternating size, resting on four U-shaped bentwood legs. (EDWARD J WORMLEY FOR DUNBAR FURNITURE CO.)(Similar piece: DUF0266).","American Mid-Century walnut cabinet with two tambour doors, the left with 4 larger pull out drawers, and the right with 8 drawers of alternating size, resting on four U-shaped bentwood legs. (EDWARD J WORMLEY FOR DUNBAR FURNITURE CO.)(Similar piece: DUF0266).","American Mid-Century walnut cabinet with two tambour doors, the left with 4 larger pull out drawers, and the right with 8 drawers of alternating size, resting on four U-shaped bentwood legs. (EDWARD J WORMLEY FOR DUNBAR FURNITURE CO.)(Similar piece: DUF0266).",unchanged-same
product-duf0266b,DUF0266B,dimensions,,,,both-empty
product-duf0266b,DUF0266B,price,"$12,900","$12,900","$12,900",unchanged-same
product-duf0266b,DUF0266B,material,,"Walnut, wood","Walnut, wood",filled-from-archive
product-duf0266b,DUF0266B,style,Mid-Century,Mid-Century,Mid-Century,unchanged-same
product-duf0266b,DUF0266B,period,,,,both-empty
product-duf0266b,DUF0266B,availability,Available Qty: 1,Available Qty: 1,Available Qty: 1,unchanged-same
product-nwl7895,NWL7895,title,Continental German Louis XV style (18th Century) Inlaid Bombe Shaped Commode,Continental German Louis XV style (18th Century) Inlaid Bombe Shaped Commode,Continental German Louis XV style (18th Century) Inlaid Bombe Shaped Commode,unchanged-same
product-nwl7895,NWL7895,description,"Continental German (Louis XV style) 18th Century inlaid bombe shaped burl wood (possibly walnut) commode with marquetry inlay depicting a hunting scene, with 3 drawers and ornamented gilt bronze handles standing on cabriole legs..","Continental German (Louis XV style) 18th Century inlaid bombe shaped burl wood (possibly walnut) commode with marquetry inlay depicting a hunting scene, with 3 drawers and ornamented gilt bronze handles standing on cabriole legs..","Continental German (Louis XV style) 18th Century inlaid bombe shaped burl wood (possibly walnut) commode with marquetry inlay depicting a hunting scene, with 3 drawers and ornamented gilt bronze handles standing on cabriole legs..",unchanged-same
product-nwl7895,NWL7895,dimensions,,,,both-empty
product-nwl7895,NWL7895,price,"$9,500","$9,500","$9,500",unchanged-same
product-nwl7895,NWL7895,material,,"Walnut, burl","Walnut, burl",filled-from-archive
product-nwl7895,NWL7895,style,"French, Continental","French, Continental","French, Continental",unchanged-same
product-nwl7895,NWL7895,period,,,,both-empty
product-nwl7895,NWL7895,availability,Available Qty: 1,Available Qty: 1,Available Qty: 1,unchanged-same
product-055582,055582,title,Italian Venetian Grotto Seashell Tete-a-tete,Italian Venetian Grotto Seashell Tete-a-tete,Italian Venetian Grotto Seashell Tete-a-tete,unchanged-same
product-055582,055582,description,Italian Venetian Grotto (19th Century) silver-gilt carved tete-a-tete with dolphin arms and seashell design.,Italian Venetian Grotto (19th Century) silver-gilt carved tete-a-tete with dolphin arms and seashell design.,Italian Venetian Grotto (19th Century) silver-gilt carved tete-a-tete with dolphin arms and seashell design.,unchanged-same
product-055582,055582,dimensions,,,,both-empty
product-055582,055582,price,"$32,500","$32,500","$32,500",unchanged-same
product-055582,055582,material,,"Ash, carved, gilt / giltwood, silver","Ash, carved, gilt / giltwood, silver",filled-from-archive
product-055582,055582,style,Italian,Italian,Italian,unchanged-same
product-055582,055582,period,,,,both-empty
product-055582,055582,availability,Available Qty: 1,Available Qty: 1,Available Qty: 1,unchanged-same
product-duf0729,DUF0729,title,Pair of Edward Wormley for Dunbar American Mid-Century Square Wooden Two-Tier End / Side Tables,Pair of Edward Wormley for Dunbar American Mid-Century Square Wooden Two-Tier End / Side Tables,Pair of Edward Wormley for Dunbar American Mid-Century Square Wooden Two-Tier End / Side Tables,unchanged-same
product-duf0729,DUF0729,description,PAIR of American Mid-Century square wooden end / side tables with a lower square stretcher shelf connecting four square legs. (EDWARD WORMLEY FOR DUNBAR FURNITURE COMPANY)(PRICED AS PAIR).,PAIR of American Mid-Century square wooden end / side tables with a lower square stretcher shelf connecting four square legs. (EDWARD WORMLEY FOR DUNBAR FURNITURE COMPANY)(PRICED AS PAIR).,PAIR of American Mid-Century square wooden end / side tables with a lower square stretcher shelf connecting four square legs. (EDWARD WORMLEY FOR DUNBAR FURNITURE COMPANY)(PRICED AS PAIR).,unchanged-same
product-duf0729,DUF0729,dimensions,,,,both-empty
product-duf0729,DUF0729,price,"$15,500","$15,500","$15,500",unchanged-same
product-duf0729,DUF0729,material,,Wood,Wood,filled-from-archive
product-duf0729,DUF0729,style,Mid-Century,Mid-Century,Mid-Century,unchanged-same
product-duf0729,DUF0729,period,,,,both-empty
product-duf0729,DUF0729,availability,Available Qty: 1,Available Qty: 1,Available Qty: 1,unchanged-same
product-duf0064,DUF0064,title,Roger Sprunger for Dunbar American Mid-Century Bronze and Smoked Glass Coffee / Cocktail Table,Roger Sprunger for Dunbar American Mid-Century Bronze and Smoked Glass Coffee / Cocktail Table,Roger Sprunger for Dunbar American Mid-Century Bronze and Smoked Glass Coffee / Cocktail Table,unchanged-same
product-duf0064,DUF0064,description,"American Mid-Century (1960s) rectangular cocktail / coffee table with an inset smoked glass top supported by a bronze cross-shaped frame with a stretcher base, resting on rosewood feet. (ROGER SPRUNGER FOR DUNBAR).","American Mid-Century (1960s) rectangular cocktail / coffee table with an inset smoked glass top supported by a bronze cross-shaped frame with a stretcher base, resting on rosewood feet. (ROGER SPRUNGER FOR DUNBAR).","American Mid-Century (1960s) rectangular cocktail / coffee table with an inset smoked glass top supported by a bronze cross-shaped frame with a stretcher base, resting on rosewood feet. (ROGER SPRUNGER FOR DUNBAR).",unchanged-same
product-duf0064,DUF0064,dimensions,,,,both-empty
product-duf0064,DUF0064,price,"$12,500","$12,500","$12,500",unchanged-same
product-duf0064,DUF0064,material,,"Bronze, glass, metal, rosewood, wood","Bronze, glass, metal, rosewood, wood",filled-from-archive
product-duf0064,DUF0064,style,Mid-Century,Mid-Century,Mid-Century,unchanged-same
product-duf0064,DUF0064,period,,,,both-empty
product-duf0064,DUF0064,availability,Available Qty: 1,Available Qty: 1,Available Qty: 1,unchanged-same
product-063540,063540,title,Contemporary American Brown Lacquered Wooden Desk,Contemporary American Brown Lacquered Wooden Desk,Contemporary American Brown Lacquered Wooden Desk,unchanged-same
product-063540,063540,description,Contemporary American lacquered desk with brass trimmed edge and 4 drawers supported on 2 rectangular pedestals centering a vanity panel.  (CAN BE CUSTOMIZED IN SIZE AND COLOR).,Contemporary American lacquered desk with brass trimmed edge and 4 drawers supported on 2 rectangular pedestals centering a vanity panel.  (CAN BE CUSTOMIZED IN SIZE AND COLOR).,Contemporary American lacquered desk with brass trimmed edge and 4 drawers supported on 2 rectangular pedestals centering a vanity panel.  (CAN BE CUSTOMIZED IN SIZE AND COLOR).,unchanged-same
product-063540,063540,dimensions,,,,both-empty
product-063540,063540,price,"$22,000","$22,000","$22,000",unchanged-same
product-063540,063540,material,,"Arch, brass, metal, veneer, wood","Arch, brass, metal, veneer, wood",filled-from-archive
product-063540,063540,style,Contemporary/Post-War Design,Contemporary/Post-War Design,Contemporary/Post-War Design,unchanged-same
product-063540,063540,period,,,,both-empty
product-063540,063540,availability,Available Qty: 1,Available Qty: 1,Available Qty: 1,unchanged-same
product-nwl8736,NWL8736,title,Chapter Studio Contemporary Middle Eastern Marble and Travertine Console,Chapter Studio Contemporary Middle Eastern Marble and Travertine Console,Chapter Studio Contemporary Middle Eastern Marble and Travertine Console,unchanged-same
product-nwl8736,NWL8736,description,"Contemporary console table featuring a contrasting brown marble oval peg stand supporting a travertine L-shaped body (CHAPTER STUDIO)

This piece is represented by PHILIA and offered in partnership with Reynolds Antique House..","Contemporary console table featuring a contrasting brown marble oval peg stand supporting a travertine L-shaped body (CHAPTER STUDIO)

This piece is represented by PHILIA and offered in partnership with NEWEL..","Contemporary console table featuring a contrasting brown marble oval peg stand supporting a travertine L-shaped body (CHAPTER STUDIO)

This piece is represented by PHILIA and offered in partnership with Reynolds Antique House..",kept-existing
product-nwl8736,NWL8736,dimensions,,,,both-empty
product-nwl8736,NWL8736,price,"$22,000","$22,000","$22,000",unchanged-same
product-nwl8736,NWL8736,material,,Travertine,Travertine,filled-from-archive
product-nwl8736,NWL8736,style,Contemporary/Post-War Design,Contemporary/Post-War Design,Contemporary/Post-War Design,unchanged-same
product-nwl8736,NWL8736,period,,,,both-empty
product-nwl8736,NWL8736,availability,Available Qty: 1,Available Qty: 1,Available Qty: 1,unchanged-same
product-nwl7595,NWL7595,title,Gary DiPasquale Contemporary Wave Form Clay and White Glazed Table Lamps,Gary DiPasquale Contemporary Wave Form Clay and White Glazed Table Lamps,Gary DiPasquale Contemporary Wave Form Clay and White Glazed Table Lamps,unchanged-same
product-nwl7595,NWL7595,description,"PAIR of contemporary clay table lamps with a wavy tier form and white glaze with piping along sides (Priced as pair, ships without shade)(GARY DIPASQUALE) (PRICED AS PAIR).","PAIR of contemporary clay table lamps with a wavy tier form and white glaze with piping along sides (Priced as pair, ships without shade)(GARY DIPASQUALE) (PRICED AS PAIR).","PAIR of contemporary clay table lamps with a wavy tier form and white glaze with piping along sides (Priced as pair, ships without shade)(GARY DIPASQUALE) (PRICED AS PAIR).",unchanged-same
product-nwl7595,NWL7595,dimensions,,,,both-empty
product-nwl7595,NWL7595,price,"$9,400","$9,400","$9,400",unchanged-same
product-nwl7595,NWL7595,material,,,,both-empty
product-nwl7595,NWL7595,style,Contemporary/Post-War Design,Contemporary/Post-War Design,Contemporary/Post-War Design,unchanged-same
product-nwl7595,NWL7595,period,,,,both-empty
product-nwl7595,NWL7595,availability,Available Qty: 1,Available Qty: 1,Available Qty: 1,unchanged-same
product-028069,028069,title,English Regency console with a carved bird & floral base over a shaped top,English Regency console with a carved bird & floral base over a shaped top,English Regency console with a carved bird & floral base over a shaped top,unchanged-same
product-028069,028069,description,English Regency console with a carved bird & floral base over a shaped top.,English Regency console with a carved bird & floral base over a shaped top.,English Regency console with a carved bird & floral base over a shaped top.,unchanged-same
product-028069,028069,dimensions,,,,both-empty
product-028069,028069,price,"$8,750","$8,750","$8,750",unchanged-same
product-028069,028069,material,,Walnut,Walnut,filled-from-archive
product-028069,028069,style,English,English,English,unchanged-same
product-028069,028069,period,,,,both-empty
product-028069,028069,availability,Available Qty: 1,Available Qty: 1,Available Qty: 1,unchanged-same
product-nwl8761,NWL8761,title,Dessislava Madanska Continental Contemporary Brass Mirror Candle Holder,Dessislava Madanska Continental Contemporary Brass Mirror Candle Holder,Dessislava Madanska Continental Contemporary Brass Mirror Candle Holder,unchanged-same
product-nwl8761,NWL8761,description,"Contemporary candle holder with a burned plum wood base featuring a brass candlestick juxtaposed with a polished brass mirror (DESSISLAVA MADANSKA)

This piece is represented by PHILIA and offered in partnership with Reynolds Antique House..","Contemporary candle holder with a burned plum wood base featuring a brass candlestick juxtaposed with a polished brass mirror (DESSISLAVA MADANSKA)

This piece is represented by PHILIA and offered in partnership with NEWEL..","Contemporary candle holder with a burned plum wood base featuring a brass candlestick juxtaposed with a polished brass mirror (DESSISLAVA MADANSKA)

This piece is represented by PHILIA and offered in partnership with Reynolds Antique House..",kept-existing
product-nwl8761,NWL8761,dimensions,,,,both-empty
product-nwl8761,NWL8761,price,"$4,200","$4,200","$4,200",unchanged-same
product-nwl8761,NWL8761,material,,Brass,Brass,filled-from-archive
product-nwl8761,NWL8761,style,Contemporary/Post-War Design,Contemporary/Post-War Design,Contemporary/Post-War Design,unchanged-same
product-nwl8761,NWL8761,period,,,,both-empty
product-nwl8761,NWL8761,availability,Available Qty: 1,Available Qty: 1,Available Qty: 1,unchanged-same
product-nwl8737,NWL8737,title,"Philip Jividen American Contemporary Brass ""Slit"" Mirror","Philip Jividen American Contemporary Brass ""Slit"" Mirror","Philip Jividen American Contemporary Brass ""Slit"" Mirror",unchanged-same
product-nwl8737,NWL8737,description,"Contemporary mirror with a polished brass oval body with subtly distressed edges and a narrow slit in the middle (PHILIP JIVIDEN)

This piece is represented by PHILIA and offered in partnership with Reynolds Antique House..","Contemporary mirror with a polished brass oval body with subtly distressed edges and a narrow slit in the middle (PHILIP JIVIDEN)

This piece is represented by PHILIA and offered in partnership with NEWEL..","Contemporary mirror with a polished brass oval body with subtly distressed edges and a narrow slit in the middle (PHILIP JIVIDEN)

This piece is represented by PHILIA and offered in partnership with Reynolds Antique House..",kept-existing
product-nwl8737,NWL8737,dimensions,,,,both-empty
product-nwl8737,NWL8737,price,"$15,800","$15,800","$15,800",unchanged-same
product-nwl8737,NWL8737,material,,Brass,Brass,filled-from-archive
product-nwl8737,NWL8737,style,Contemporary/Post-War Design,Contemporary/Post-War Design,Contemporary/Post-War Design,unchanged-same
product-nwl8737,NWL8737,period,,,,both-empty
product-nwl8737,NWL8737,availability,,,,both-empty
product-060478,060478,title,Roger Capron French Mid-Century Ceramic and Oak Sunburst Coffee Table,Roger Capron French Mid-Century Ceramic and Oak Sunburst Coffee Table,Roger Capron French Mid-Century Ceramic and Oak Sunburst Coffee Table,unchanged-same
product-060478,060478,description,French Mid-Century (1960s) round coffee table with a stained four leg oak frame and stretcher supporting a beige ceramic sunburst design tile top with leaf decoration. (signed: ROGER CAPRON).,French Mid-Century (1960s) round coffee table with a stained four leg oak frame and stretcher supporting a beige ceramic sunburst design tile top with leaf decoration. (signed: ROGER CAPRON).,French Mid-Century (1960s) round coffee table with a stained four leg oak frame and stretcher supporting a beige ceramic sunburst design tile top with leaf decoration. (signed: ROGER CAPRON).,unchanged-same
product-060478,060478,dimensions,,,,both-empty
product-060478,060478,price,"$7,800","$7,800","$7,800",unchanged-same
product-060478,060478,material,,"Ceramic, oak","Ceramic, oak",filled-from-archive
product-060478,060478,style,Mid-Century,Mid-Century,Mid-Century,unchanged-same
product-060478,060478,period,,,,both-empty
product-060478,060478,availability,Available Qty: 1,Available Qty: 1,Available Qty: 1,unchanged-same
product-nwl8717,NWL8717,title,"Atelier Barda Canadian Contemporary Stainless Steel ""Chabanel II"" Chair","Atelier Barda Canadian Contemporary Stainless Steel ""Chabanel II"" Chair","Atelier Barda Canadian Contemporary Stainless Steel ""Chabanel II"" Chair",unchanged-same
product-nwl8717,NWL8717,description,"Contemporary stainless steel Chabanel chair with a flat rectangular sheet backrest and seating, ending on cylindrical four legs (ATELIER BARDA)

This piece is represented by PHILIA and offered in partnership with Reynolds Antique House..","Contemporary stainless steel Chabanel chair with a flat rectangular sheet backrest and seating, ending on cylindrical four legs (ATELIER BARDA)

This piece is represented by PHILIA and offered in partnership with NEWEL..","Contemporary stainless steel Chabanel chair with a flat rectangular sheet backrest and seating, ending on cylindrical four legs (ATELIER BARDA)

This piece is represented by PHILIA and offered in partnership with Reynolds Antique House..",kept-existing
product-nwl8717,NWL8717,dimensions,,,,both-empty
product-nwl8717,NWL8717,price,"$18,000","$18,000","$18,000",unchanged-same
product-nwl8717,NWL8717,material,,Steel,Steel,filled-from-archive
product-nwl8717,NWL8717,style,Contemporary/Post-War Design,Contemporary/Post-War Design,Contemporary/Post-War Design,unchanged-same
product-nwl8717,NWL8717,period,,,,both-empty
product-nwl8717,NWL8717,availability,,,,both-empty
product-nwl8711,NWL8711,title,"Evan Fay American Contemporary Unique ""Lawless"" Bench","Evan Fay American Contemporary Unique ""Lawless"" Bench","Evan Fay American Contemporary Unique ""Lawless"" Bench",unchanged-same
product-nwl8711,NWL8711,description,"Handmade contemporary style split level \\""Lawless\\"" bench uniquely constructed in upholsered foam on a brass and steel base frame (EVAN FAY)

This piece is represented by PHILIA and offered in partnership with Reynolds Antique House..","Handmade contemporary style split level \\""Lawless\\"" bench uniquely constructed in upholsered foam on a brass and steel base frame (EVAN FAY)

This piece is represented by PHILIA and offered in partnership with NEWEL..","Handmade contemporary style split level \\""Lawless\\"" bench uniquely constructed in upholsered foam on a brass and steel base frame (EVAN FAY)

This piece is represented by PHILIA and offered in partnership with Reynolds Antique House..",kept-existing
product-nwl8711,NWL8711,dimensions,,,,both-empty
product-nwl8711,NWL8711,price,"$27,000","$27,000","$27,000",unchanged-same
product-nwl8711,NWL8711,material,,"Brass, steel, upholstered","Brass, steel, upholstered",filled-from-archive
product-nwl8711,NWL8711,style,Contemporary/Post-War Design,Contemporary/Post-War Design,Contemporary/Post-War Design,unchanged-same
product-nwl8711,NWL8711,period,,,,both-empty
product-nwl8711,NWL8711,availability,Available Qty: 1,Available Qty: 1,Available Qty: 1,unchanged-same
product-059283,059283,title,Bauges French Mid-Century Metal and Murano Glass Bird Chandelier,Bauges French Mid-Century Metal and Murano Glass Bird Chandelier,Bauges French Mid-Century Metal and Murano Glass Bird Chandelier,unchanged-same
product-059283,059283,description,French Mid-Century (1940s) red and white painted metal 10 arm chandelier with Murano glass bird in center with canopy. (Attributed to BAGUES).,French Mid-Century (1940s) red and white painted metal 10 arm chandelier with Murano glass bird in center with canopy. (Attributed to BAGUES).,French Mid-Century (1940s) red and white painted metal 10 arm chandelier with Murano glass bird in center with canopy. (Attributed to BAGUES).,unchanged-same
product-059283,059283,dimensions,,,,both-empty
product-059283,059283,price,"$15,000","$15,000","$15,000",unchanged-same
product-059283,059283,material,,"Glass, metal, painted","Glass, metal, painted",filled-from-archive
product-059283,059283,style,Mid-Century,Mid-Century,Mid-Century,unchanged-same
product-059283,059283,period,,,,both-empty
product-059283,059283,availability,Available Qty: 1,Available Qty: 1,Available Qty: 1,unchanged-same
product-jkg2384,JKG2384,title,Pair of Italian Mid-Century Venetian Murano Gold Dusted Glass Wall Sconces,Pair of Italian Mid-Century Venetian Murano Gold Dusted Glass Wall Sconces,Pair of Italian Mid-Century Venetian Murano Gold Dusted Glass Wall Sconces,unchanged-same
product-jkg2384,JKG2384,description,PAIR of Italian Mid-Century (1940s) Venetian Murano gold dusted glass wall sconces supported by a gilt bronze two-arm frame holding shades with a fluted bottom above cylindrical fluted finals. (PRICED AS PAIR).,PAIR of Italian Mid-Century (1940s) Venetian Murano gold dusted glass wall sconces supported by a gilt bronze two-arm frame holding shades with a fluted bottom above cylindrical fluted finals. (PRICED AS PAIR).,PAIR of Italian Mid-Century (1940s) Venetian Murano gold dusted glass wall sconces supported by a gilt bronze two-arm frame holding shades with a fluted bottom above cylindrical fluted finals. (PRICED AS PAIR).,unchanged-same
product-jkg2384,JKG2384,dimensions,,,,both-empty
product-jkg2384,JKG2384,price,"$7,850","$7,850","$7,850",unchanged-same
product-jkg2384,JKG2384,material,,"Bronze, glass, metal","Bronze, glass, metal",filled-from-archive
product-jkg2384,JKG2384,style,Mid-Century,Mid-Century,Mid-Century,unchanged-same
product-jkg2384,JKG2384,period,,,,both-empty
product-jkg2384,JKG2384,availability,Available Qty: 1,Available Qty: 1,Available Qty: 1,unchanged-same
product-jkg2029,JKG2029,title,Italian Venetian Murano Smoked Glass Chandelier,Italian Venetian Murano Smoked Glass Chandelier,Italian Venetian Murano Smoked Glass Chandelier,unchanged-same
product-jkg2029,JKG2029,description,Italian Venetian Murano 12 fluted arm smoky glass chandelier with 12 up and  between the arms and emanating from a tiered base with a ball finial bottom..,Italian Venetian Murano 12 fluted arm smoky glass chandelier with 12 up and  between the arms and emanating from a tiered base with a ball finial bottom..,Italian Venetian Murano 12 fluted arm smoky glass chandelier with 12 up and  between the arms and emanating from a tiered base with a ball finial bottom..,unchanged-same
product-jkg2029,JKG2029,dimensions,,,,both-empty
product-jkg2029,JKG2029,price,"$32,000","$32,000","$32,000",unchanged-same
product-jkg2029,JKG2029,material,,Glass,Glass,filled-from-archive
product-jkg2029,JKG2029,style,Mid-Century,Mid-Century,Mid-Century,unchanged-same
product-jkg2029,JKG2029,period,,,,both-empty
product-jkg2029,JKG2029,availability,Available Qty: 1,Available Qty: 1,Available Qty: 1,unchanged-same
product-grs6254,GRS6254,title,Pair of Outdoor Neo-Classical Natural Patina Iron Flute and Tambourine-Playing Putti Statues,Pair of Outdoor Neo-Classical Natural Patina Iron Flute and Tambourine-Playing Putti Statues,Pair of Outdoor Neo-Classical Natural Patina Iron Flute and Tambourine-Playing Putti Statues,unchanged-same
product-grs6254,GRS6254,description,"PAIR of Outdoor Neo-Classical iron statues of two life size putti figures, one with a tambourine, the other a flute hand having a natural green and brown patina resting on circular iron bases. (PRICED AS PAIR).","PAIR of Outdoor Neo-Classical iron statues of two life size putti figures, one with a tambourine, the other a flute hand having a natural green and brown patina resting on circular iron bases. (PRICED AS PAIR).","PAIR of Outdoor Neo-Classical iron statues of two life size putti figures, one with a tambourine, the other a flute hand having a natural green and brown patina resting on circular iron bases. (PRICED AS PAIR).",unchanged-same
product-grs6254,GRS6254,dimensions,,,,both-empty
product-grs6254,GRS6254,price,"$2,450","$2,450","$2,450",unchanged-same
product-grs6254,GRS6254,material,,"Iron, metal","Iron, metal",filled-from-archive
product-grs6254,GRS6254,style,Outdoor,Outdoor,Outdoor,unchanged-same
product-grs6254,GRS6254,period,,,,both-empty
product-grs6254,GRS6254,availability,Available Qty: 1,Available Qty: 1,Available Qty: 1,unchanged-same
product-nwl2204,NWL2204,title,Thai Gold and Red Wooden Bodhisattva Statues,Thai Gold and Red Wooden Bodhisattva Statues,Thai Gold and Red Wooden Bodhisattva Statues,unchanged-same
product-nwl2204,NWL2204,description,"4 Thai-style gold and red carved wooden Bodhisattva statues wearing and holding robes, and standing on plinths (PRICED EACH)..","4 Thai-style gold and red carved wooden Bodhisattva statues wearing and holding robes, and standing on plinths (PRICED EACH)..","4 Thai-style gold and red carved wooden Bodhisattva statues wearing and holding robes, and standing on plinths (PRICED EACH)..",unchanged-same
product-nwl2204,NWL2204,dimensions,,,,both-empty
product-nwl2204,NWL2204,price,"$6,500","$6,500","$6,500",unchanged-same
product-nwl2204,NWL2204,material,,"Carved, wood","Carved, wood",filled-from-archive
product-nwl2204,NWL2204,style,Asian,Asian,Asian,unchanged-same
product-nwl2204,NWL2204,period,,,,both-empty
product-nwl2204,NWL2204,availability,Available Qty: 4,Available Qty: 4,Available Qty: 4,unchanged-same
product-037318a,037318A,title,Pair of Italian Venetian Polychromed Figures,Pair of Italian Venetian Polychromed Figures,Pair of Italian Venetian Polychromed Figures,unchanged-same
product-037318a,037318A,description,PAIR of Italian Venetian style (Art Nouveau) life size polychromed  figures of women standing on round globes with green painted and decorated pedestal base.,PAIR of Italian Venetian style (Art Nouveau) life size polychromed  figures of women standing on round globes with green painted and decorated pedestal base.,PAIR of Italian Venetian style (Art Nouveau) life size polychromed  figures of women standing on round globes with green painted and decorated pedestal base.,unchanged-same
product-037318a,037318A,dimensions,,,,both-empty
product-037318a,037318A,price,"$95,000","$95,000","$95,000",unchanged-same
product-037318a,037318A,material,,,,both-empty
product-037318a,037318A,style,Italian,Italian,Italian,unchanged-same
product-037318a,037318A,period,,,,both-empty
product-037318a,037318A,availability,Available Qty: 1,Available Qty: 1,Available Qty: 1,unchanged-same
product-062899,062899,title,Pair of Chinese Tang Dynasty Style Tessellated Bone Veneer Monumental Horse Statues,Pair of Chinese Tang Dynasty Style Tessellated Bone Veneer Monumental Horse Statues,Pair of Chinese Tang Dynasty Style Tessellated Bone Veneer Monumental Horse Statues,unchanged-same
product-062899,062899,description,"PAIR of Chinese Tang Dynasty-style monumental horse statues with tessellated bone veneer, carved saddles and manes, and hanging carved bone ornaments, mounted on dark red painted wooden bases with gold painted designs. (PRICED AS PAIR).","PAIR of Chinese Tang Dynasty-style monumental horse statues with tessellated bone veneer, carved saddles and manes, and hanging carved bone ornaments, mounted on dark red painted wooden bases with gold painted designs. (PRICED AS PAIR).","PAIR of Chinese Tang Dynasty-style monumental horse statues with tessellated bone veneer, carved saddles and manes, and hanging carved bone ornaments, mounted on dark red painted wooden bases with gold painted designs. (PRICED AS PAIR).",unchanged-same
product-062899,062899,dimensions,,,,both-empty
product-062899,062899,price,"$16,000","$16,000","$16,000",unchanged-same
product-062899,062899,material,,"Bone, wood","Bone, wood",filled-from-archive
product-062899,062899,style,Asian,Asian,Asian,unchanged-same
product-062899,062899,period,,,,both-empty
product-062899,062899,availability,Available Qty: 1,Available Qty: 1,Available Qty: 1,unchanged-same
product-040451b,040451B,title,Pair of Art Nouveau Wooden Dancing Figures,Pair of Art Nouveau Wooden Dancing Figures,Pair of Art Nouveau Wooden Dancing Figures,unchanged-same
product-040451b,040451B,description,PAIR of Art Nouveau life size carved wood figures of dancing women with original paint colors (signed G. VAN DER MERSCH on base).,PAIR of Art Nouveau life size carved wood figures of dancing women with original paint colors (signed G. VAN DER MERSCH on base).,PAIR of Art Nouveau life size carved wood figures of dancing women with original paint colors (signed G. VAN DER MERSCH on base).,unchanged-same
product-040451b,040451B,dimensions,,,,both-empty
product-040451b,040451B,price,"$120,000","$120,000","$120,000",unchanged-same
product-040451b,040451B,material,,"Carved, painted, wood","Carved, painted, wood",filled-from-archive
product-040451b,040451B,style,Art Nouveau,Art Nouveau,Art Nouveau,unchanged-same
product-040451b,040451B,period,,,,both-empty
product-040451b,040451B,availability,Available Qty: 1,Available Qty: 1,Available Qty: 1,unchanged-same
product-062853,062853,title,Set of 4 American Rustic Old Hickory and Willow Bar Stools,Set of 4 American Rustic Old Hickory and Willow Bar Stools,Set of 4 American Rustic Old Hickory and Willow Bar Stools,unchanged-same
product-062853,062853,description,"SET of 4 American Rustic Old Hickory (1930-40s) high back bar stools with a woven saddle seat and back with a 3 tier box stretcher (INDIANA WILLOW PRODUCTS label) (PRICED AS A SET)

(Stamped: INDIANA WILLOW PRODUCTS CO., INC., MARTINSVILLE, INDIANA).","SET of 4 American Rustic Old Hickory (1930-40s) high back bar stools with a woven saddle seat and back with a 3 tier box stretcher (INDIANA WILLOW PRODUCTS label) (PRICED AS A SET)

(Stamped: INDIANA WILLOW PRODUCTS CO., INC., MARTINSVILLE, INDIANA).","SET of 4 American Rustic Old Hickory (1930-40s) high back bar stools with a woven saddle seat and back with a 3 tier box stretcher (INDIANA WILLOW PRODUCTS label) (PRICED AS A SET)

(Stamped: INDIANA WILLOW PRODUCTS CO., INC., MARTINSVILLE, INDIANA).",unchanged-same
product-062853,062853,dimensions,,,,both-empty
product-062853,062853,price,"$4,800","$4,800","$4,800",unchanged-same
product-062853,062853,material,,"Hickory, wicker, willow, wood","Hickory, wicker, willow, wood",filled-from-archive
product-062853,062853,style,Rustic,Rustic,Rustic,unchanged-same
product-062853,062853,period,,,,both-empty
product-062853,062853,availability,Available Qty: 1,Available Qty: 1,Available Qty: 1,unchanged-same
product-reg5344,REG5344,title,"Contemporary American Patinated Bronze Abstract Sculpture on Marble Base, in the Style of Brancusi","Contemporary American Patinated Bronze Abstract Sculpture on Marble Base, in the Style of Brancusi","Contemporary American Patinated Bronze Abstract Sculpture on Marble Base, in the Style of Brancusi",unchanged-same
product-reg5344,REG5344,description,"Contemporary American abstract sculpture made of patinated bronze, mounted on a square white marble base. (in the style of BRANCUSI).","Contemporary American abstract sculpture made of patinated bronze, mounted on a square white marble base. (in the style of BRANCUSI).","Contemporary American abstract sculpture made of patinated bronze, mounted on a square white marble base. (in the style of BRANCUSI).",unchanged-same
product-reg5344,REG5344,dimensions,,,,both-empty
product-reg5344,REG5344,price,"$3,800","$3,800","$3,800",unchanged-same
product-reg5344,REG5344,material,,"Bronze, marble, metal","Bronze, marble, metal",filled-from-archive
product-reg5344,REG5344,style,Contemporary/Post-War Design,Contemporary/Post-War Design,Contemporary/Post-War Design,unchanged-same
product-reg5344,REG5344,period,,,,both-empty
product-reg5344,REG5344,availability,Available Qty: 1,Available Qty: 1,Available Qty: 1,unchanged-same
product-057077a,057077A,title,Pair of Continental Laplander Painted Figures,Pair of Continental Laplander Painted Figures,Pair of Continental Laplander Painted Figures,unchanged-same
product-057077a,057077A,description,PAIR of Continental Laplander (19th Cent) carousel style carved and painted life size figures (man & woman).,PAIR of Continental Laplander (19th Cent) carousel style carved and painted life size figures (man & woman).,PAIR of Continental Laplander (19th Cent) carousel style carved and painted life size figures (man & woman).,unchanged-same
product-057077a,057077A,dimensions,,,,both-empty
product-057077a,057077A,price,"$24,000","$24,000","$24,000",unchanged-same
product-057077a,057077A,material,,"Carved, painted","Carved, painted",filled-from-archive
product-057077a,057077A,style,Continental,Continental,Continental,unchanged-same
product-057077a,057077A,period,,,,both-empty
product-057077a,057077A,availability,Available Qty: 1,Available Qty: 1,Available Qty: 1,unchanged-same
product-040899,040899,title,Monumental Carousel Rooster Figure,Monumental Carousel Rooster Figure,Monumental Carousel Rooster Figure,unchanged-same
product-040899,040899,description,Carousel style (19/20th Cent) carved walnut monumental rooster figure on iron stand with brass pole.,Carousel style (19/20th Cent) carved walnut monumental rooster figure on iron stand with brass pole.,Carousel style (19/20th Cent) carved walnut monumental rooster figure on iron stand with brass pole.,unchanged-same
product-040899,040899,dimensions,,,,both-empty
product-040899,040899,price,"$17,500","$17,500","$17,500",unchanged-same
product-040899,040899,material,,"Brass, carved, iron, walnut","Brass, carved, iron, walnut",filled-from-archive
product-040899,040899,style,American,American,American,unchanged-same
product-040899,040899,period,,,,both-empty
product-040899,040899,availability,,,,both-empty
product-040606,040606,title,Pair of Italian Venetian Polychromed Figures,Pair of Italian Venetian Polychromed Figures,Pair of Italian Venetian Polychromed Figures,unchanged-same
product-040606,040606,description,PAIR of Italian Venetian (19th Cent) polychromed large blackamoor figures holding gilt and floral porcelain candelabra.,PAIR of Italian Venetian (19th Cent) polychromed large blackamoor figures holding gilt and floral porcelain candelabra.,PAIR of Italian Venetian (19th Cent) polychromed large blackamoor figures holding gilt and floral porcelain candelabra.,unchanged-same
product-040606,040606,dimensions,,,,both-empty
product-040606,040606,price,"$18,000","$18,000","$18,000",unchanged-same
product-040606,040606,material,,Porcelain,Porcelain,filled-from-archive
product-040606,040606,style,Italian,Italian,Italian,unchanged-same
product-040606,040606,period,,,,both-empty
product-040606,040606,availability,Available Qty: 1,Available Qty: 1,Available Qty: 1,unchanged-same
product-nwl2459,NWL2459,title,Chinese Carved Whitewashed Wooden Ram Statue,Chinese Carved Whitewashed Wooden Ram Statue,Chinese Carved Whitewashed Wooden Ram Statue,unchanged-same
product-nwl2459,NWL2459,description,Chinese carved wooden ram lying down and painted with a whitewash finish..,Chinese carved wooden ram lying down and painted with a whitewash finish..,Chinese carved wooden ram lying down and painted with a whitewash finish..,unchanged-same
product-nwl2459,NWL2459,dimensions,,,,both-empty
product-nwl2459,NWL2459,price,"$8,250","$8,250","$8,250",unchanged-same
product-nwl2459,NWL2459,material,,"Carved, painted, wood","Carved, painted, wood",filled-from-archive
product-nwl2459,NWL2459,style,Asian,Asian,Asian,unchanged-same
product-nwl2459,NWL2459,period,,,,both-empty
product-nwl2459,NWL2459,availability,Available Qty: 1,Available Qty: 1,Available Qty: 1,unchanged-same
product-duf0830,DUF0830,title,Pair of Cleo Baldon for Terra of California Mid-Century American X-Frame Avocado Green Barstools,Pair of Cleo Baldon for Terra of California Mid-Century American X-Frame Avocado Green Barstools,Pair of Cleo Baldon for Terra of California Mid-Century American X-Frame Avocado Green Barstools,unchanged-same
product-duf0830,DUF0830,description,"PAIR of Mid-Century American (1970s) X-Frame bar stools with, upholstered avocado green leather seats with button tufted detail, resting on sturdy iron and oak frames. (CLEO BALDON FOR TERRA OF CALIFORNIA)(PRICED AS PAIR) (Other examples in different upholstery: DUF0832, DUF0833, DUF0834).","PAIR of Mid-Century American (1970s) X-Frame bar stools with, upholstered avocado green leather seats with button tufted detail, resting on sturdy iron and oak frames. (CLEO BALDON FOR TERRA OF CALIFORNIA)(PRICED AS PAIR) (Other examples in different upholstery: DUF0832, DUF0833, DUF0834).","PAIR of Mid-Century American (1970s) X-Frame bar stools with, upholstered avocado green leather seats with button tufted detail, resting on sturdy iron and oak frames. (CLEO BALDON FOR TERRA OF CALIFORNIA)(PRICED AS PAIR) (Other examples in different upholstery: DUF0832, DUF0833, DUF0834).",unchanged-same
product-duf0830,DUF0830,dimensions,,,,both-empty
product-duf0830,DUF0830,price,"$7,600","$7,600","$7,600",unchanged-same
product-duf0830,DUF0830,material,,"Iron, metal, oak, tufted, upholstered, wood","Iron, metal, oak, tufted, upholstered, wood",filled-from-archive
product-duf0830,DUF0830,style,Mid-Century,Mid-Century,Mid-Century,unchanged-same
product-duf0830,DUF0830,period,,,,both-empty
product-duf0830,DUF0830,availability,Available Qty: 1,Available Qty: 1,Available Qty: 1,unchanged-same
product-duf0873,DUF0873,title,Pair of Designs for Leisure Mid-Century American Fluted Column Floral Upholstered Swivel Bar Stools,Pair of Designs for Leisure Mid-Century American Fluted Column Floral Upholstered Swivel Bar Stools,Pair of Designs for Leisure Mid-Century American Fluted Column Floral Upholstered Swivel Bar Stools,unchanged-same
product-duf0873,DUF0873,description,"PAIR of Mid-Century American brass swivel bar stools upholstered in a faint mauve-striped floral fabric with low curved backrest, a thick fluted column base plus pierced foot ring. (DESIGNS FOR LEISURE) (PRICED AS PAIR) Other example in different upholstery: DUF0872.","PAIR of Mid-Century American brass swivel bar stools upholstered in a faint mauve-striped floral fabric with low curved backrest, a thick fluted column base plus pierced foot ring. (DESIGNS FOR LEISURE) (PRICED AS PAIR) Other example in different upholstery: DUF0872.","PAIR of Mid-Century American brass swivel bar stools upholstered in a faint mauve-striped floral fabric with low curved backrest, a thick fluted column base plus pierced foot ring. (DESIGNS FOR LEISURE) (PRICED AS PAIR) Other example in different upholstery: DUF0872.",unchanged-same
product-duf0873,DUF0873,dimensions,,,,both-empty
product-duf0873,DUF0873,price,"$17,000","$17,000","$17,000",unchanged-same
product-duf0873,DUF0873,material,,"Brass, fabric, metal, upholstered","Brass, fabric, metal, upholstered",filled-from-archive
product-duf0873,DUF0873,style,Mid-Century,Mid-Century,Mid-Century,unchanged-same
product-duf0873,DUF0873,period,,,,both-empty
product-duf0873,DUF0873,availability,,,,both-empty
product-064026,064026,title,Contemporary Makonde Style Hand Carved Wooden Sculpture on a Base,Contemporary Makonde Style Hand Carved Wooden Sculpture on a Base,Contemporary Makonde Style Hand Carved Wooden Sculpture on a Base,unchanged-same
product-064026,064026,description,Contemporary Makonde style (African) rosewood carved with filigree design cylindrical wooden sculpture on a square shaped base.,Contemporary Makonde style (African) rosewood carved with filigree design cylindrical wooden sculpture on a square shaped base.,Contemporary Makonde style (African) rosewood carved with filigree design cylindrical wooden sculpture on a square shaped base.,unchanged-same
product-064026,064026,dimensions,,,,both-empty
product-064026,064026,price,$475,$475,$475,unchanged-same
product-064026,064026,material,,,,both-empty
product-064026,064026,style,Misc. Style,Misc. Style,Misc. Style,unchanged-same
product-064026,064026,period,,,,both-empty
product-064026,064026,availability,Available Qty: 1,Available Qty: 1,Available Qty: 1,unchanged-same
product-reg4876,REG4876,title,English Regency Mahogany Semi-Circular Bench,English Regency Mahogany Semi-Circular Bench,English Regency Mahogany Semi-Circular Bench,unchanged-same
product-reg4876,REG4876,description,English Regency mahogany semi-circular bench with a fluted interior frame and caned seat supporting an off-white fabric upholstered seat cushion and resting on 5 square and 4 fluted sabre legs..,English Regency mahogany semi-circular bench with a fluted interior frame and caned seat supporting an off-white fabric upholstered seat cushion and resting on 5 square and 4 fluted sabre legs..,English Regency mahogany semi-circular bench with a fluted interior frame and caned seat supporting an off-white fabric upholstered seat cushion and resting on 5 square and 4 fluted sabre legs..,unchanged-same
product-reg4876,REG4876,dimensions,,,,both-empty
product-reg4876,REG4876,price,"$16,500","$16,500","$16,500",unchanged-same
product-reg4876,REG4876,material,,"Fabric, mahogany, upholstered, wood","Fabric, mahogany, upholstered, wood",filled-from-archive
product-reg4876,REG4876,style,English,English,English,unchanged-same
product-reg4876,REG4876,period,,,,both-empty
product-reg4876,REG4876,availability,Available Qty: 1,Available Qty: 1,Available Qty: 1,unchanged-same
product-reg5311,REG5311,title,Italian Silvered Bronze Equestrian Figure,Italian Silvered Bronze Equestrian Figure,Italian Silvered Bronze Equestrian Figure,unchanged-same
product-reg5311,REG5311,description,Italian Renaissance style (19th Century) silvered bronze equestrian figure / statue of Knight resting on a rectangular marble base.,Italian Renaissance style (19th Century) silvered bronze equestrian figure / statue of Knight resting on a rectangular marble base.,Italian Renaissance style (19th Century) silvered bronze equestrian figure / statue of Knight resting on a rectangular marble base.,unchanged-same
product-reg5311,REG5311,dimensions,,,,both-empty
product-reg5311,REG5311,price,"$14,500","$14,500","$14,500",unchanged-same
product-reg5311,REG5311,material,,Bronze,Bronze,filled-from-archive
product-reg5311,REG5311,style,"Mid-Century, Italian","Mid-Century, Italian","Mid-Century, Italian",unchanged-same
product-reg5311,REG5311,period,,,,both-empty
product-reg5311,REG5311,availability,Available Qty: 1,Available Qty: 1,Available Qty: 1,unchanged-same
product-031072a,031072A,title,Pair of Monumental Figures of a Duke & Duchess,Pair of Monumental Figures of a Duke & Duchess,Pair of Monumental Figures of a Duke & Duchess,unchanged-same
product-031072a,031072A,description,PAIR of French (19th Cent) white painted monumental figures of a Duke & Duchess on square bases. (att. to be patron saints of a provincial French town & used in an annual parade).,PAIR of French (19th Cent) white painted monumental figures of a Duke & Duchess on square bases. (att. to be patron saints of a provincial French town & used in an annual parade).,PAIR of French (19th Cent) white painted monumental figures of a Duke & Duchess on square bases. (att. to be patron saints of a provincial French town & used in an annual parade).,unchanged-same
product-031072a,031072A,dimensions,,,,both-empty
product-031072a,031072A,price,"$95,000","$95,000","$95,000",unchanged-same
product-031072a,031072A,material,,Painted,Painted,filled-from-archive
product-031072a,031072A,style,French,French,French,unchanged-same
product-031072a,031072A,period,,,,both-empty
product-031072a,031072A,availability,Available Qty: 1,Available Qty: 1,Available Qty: 1,unchanged-same
product-reg5109,REG5109,title,Pair of Stone and Obelisk Architectural Elements,Pair of Stone and Obelisk Architectural Elements,Pair of Stone and Obelisk Architectural Elements,unchanged-same
product-reg5109,REG5109,description,PAIR of Italian Neo-classic (19th Century) grey stone obelisks with finial tops and resting on a stepped up black marble base (PRICED AS PAIR).,PAIR of Italian Neo-classic (19th Century) grey stone obelisks with finial tops and resting on a stepped up black marble base (PRICED AS PAIR).,PAIR of Italian Neo-classic (19th Century) grey stone obelisks with finial tops and resting on a stepped up black marble base (PRICED AS PAIR).,unchanged-same
product-reg5109,REG5109,dimensions,,,,both-empty
product-reg5109,REG5109,price,"$4,200","$4,200","$4,200",unchanged-same
product-reg5109,REG5109,material,,,,both-empty
product-reg5109,REG5109,style,Italian,Italian,Italian,unchanged-same
product-reg5109,REG5109,period,,,,both-empty
product-reg5109,REG5109,availability,Available Qty: 1,Available Qty: 1,Available Qty: 1,unchanged-same
product-044095,044095,title,Pair of Renaissance Walnut Devil Figures,Pair of Renaissance Walnut Devil Figures,Pair of Renaissance Walnut Devil Figures,unchanged-same
product-044095,044095,description,PAIR of Italian Renaissance style (late19th Century) walnut life-size carved figures of the Devil and his wife standing on pedestal bases. (attributed to Francesco Toso) (PRICED AS PAIR).,PAIR of Italian Renaissance style (late19th Century) walnut life-size carved figures of the Devil and his wife standing on pedestal bases. (attributed to Francesco Toso) (PRICED AS PAIR).,PAIR of Italian Renaissance style (late19th Century) walnut life-size carved figures of the Devil and his wife standing on pedestal bases. (attributed to Francesco Toso) (PRICED AS PAIR).,unchanged-same
product-044095,044095,dimensions,,,,both-empty
product-044095,044095,price,"$35,000","$35,000","$35,000",unchanged-same
product-044095,044095,material,,"Carved, walnut, wood","Carved, walnut, wood",filled-from-archive
product-044095,044095,style,Italian,Italian,Italian,unchanged-same
product-044095,044095,period,,,,both-empty
product-044095,044095,availability,Available Qty: 1,Available Qty: 1,Available Qty: 1,unchanged-same
product-mod2089,MOD2089,title,"""The Pillar"" Limited Edition Bronze Brutalist Contemporary Figural Sculpture","""The Pillar"" Limited Edition Bronze Brutalist Contemporary Figural Sculpture","""The Pillar"" Limited Edition Bronze Brutalist Contemporary Figural Sculpture",unchanged-same
product-mod2089,MOD2089,description,"6 Contemporary hand-forged bronze Brutalist-inspired figural sculpture depicting an obscure human figure in a supportive pose finished in an ebonized patina (PRICED EACH). (""THE PILLAR"" - Limited Edition of 10).","6 Contemporary hand-forged bronze Brutalist-inspired figural sculpture depicting an obscure human figure in a supportive pose finished in an ebonized patina (PRICED EACH). (""THE PILLAR"" - Limited Edition of 10).","6 Contemporary hand-forged bronze Brutalist-inspired figural sculpture depicting an obscure human figure in a supportive pose finished in an ebonized patina (PRICED EACH). (""THE PILLAR"" - Limited Edition of 10).",unchanged-same
product-mod2089,MOD2089,dimensions,,,,both-empty
product-mod2089,MOD2089,price,$360,$360,$360,unchanged-same
product-mod2089,MOD2089,material,,"Bronze, metal","Bronze, metal",filled-from-archive
product-mod2089,MOD2089,style,Contemporary/Post-War Design,Contemporary/Post-War Design,Contemporary/Post-War Design,unchanged-same
product-mod2089,MOD2089,period,,,,both-empty
product-mod2089,MOD2089,availability,Available Qty: 6,Available Qty: 6,Available Qty: 6,unchanged-same
product-reg4475,REG4475,title,"Chemedu Jemali Argentinian Modern Abstract Stone Sculpture, 1960s","Chemedu Jemali Argentinian Modern Abstract Stone Sculpture, 1960s","Chemedu Jemali Argentinian Modern Abstract Stone Sculpture, 1960s",unchanged-same
product-reg4475,REG4475,description,Argentinian Modern abstract stone sculpture with a mixture of subtly geometric and biomorphic attributes. (marked: CHEMEDU JEMALI).,Argentinian Modern abstract stone sculpture with a mixture of subtly geometric and biomorphic attributes. (marked: CHEMEDU JEMALI).,Argentinian Modern abstract stone sculpture with a mixture of subtly geometric and biomorphic attributes. (marked: CHEMEDU JEMALI).,unchanged-same
product-reg4475,REG4475,dimensions,,,,both-empty
product-reg4475,REG4475,price,"$8,800","$8,800","$8,800",unchanged-same
product-reg4475,REG4475,material,,Stone,Stone,filled-from-archive
product-reg4475,REG4475,style,Mid-Century,Mid-Century,Mid-Century,unchanged-same
product-reg4475,REG4475,period,,,,both-empty
product-reg4475,REG4475,availability,Available Qty: 1,Available Qty: 1,Available Qty: 1,unchanged-same
product-duf0829,DUF0829,title,"Pair of Dillingham Mid-Century American ""Horseshoe"" Cantilevered Burnt Orange Counter Stools","Pair of Dillingham Mid-Century American ""Horseshoe"" Cantilevered Burnt Orange Counter Stools","Pair of Dillingham Mid-Century American ""Horseshoe"" Cantilevered Burnt Orange Counter Stools",unchanged-same
product-duf0829,DUF0829,description,"PAIR of Mid-Century American ""Horseshoe"" cantilevered, metal bar stools with burnt orange plush upholstery and silver metal frames. (DILLINGHAM)(PRICED AS PAIR) (Other examples in different upholstery: DUF0825, DUF0826, DUF0827, DUF0828).","PAIR of Mid-Century American ""Horseshoe"" cantilevered, metal bar stools with burnt orange plush upholstery and silver metal frames. (DILLINGHAM)(PRICED AS PAIR) (Other examples in different upholstery: DUF0825, DUF0826, DUF0827, DUF0828).","PAIR of Mid-Century American ""Horseshoe"" cantilevered, metal bar stools with burnt orange plush upholstery and silver metal frames. (DILLINGHAM)(PRICED AS PAIR) (Other examples in different upholstery: DUF0825, DUF0826, DUF0827, DUF0828).",unchanged-same
product-duf0829,DUF0829,dimensions,,,,both-empty
product-duf0829,DUF0829,price,"$5,600","$5,600","$5,600",unchanged-same
product-duf0829,DUF0829,material,,"Chrome, fabric, metal, upholstered","Chrome, fabric, metal, upholstered",filled-from-archive
product-duf0829,DUF0829,style,Mid-Century,Mid-Century,Mid-Century,unchanged-same
product-duf0829,DUF0829,period,,,,both-empty
product-duf0829,DUF0829,availability,Available Qty: 1,Available Qty: 1,Available Qty: 1,unchanged-same
product-reg5183,REG5183,title,Italian Neo-Classic Giltwood & Stripe Upholstered Dining / SIde Chair,Italian Neo-Classic Giltwood & Stripe Upholstered Dining / SIde Chair,Italian Neo-Classic Giltwood & Stripe Upholstered Dining / SIde Chair,unchanged-same
product-reg5183,REG5183,description,"Italian Neo-Classic (18th Century) giltwood side chair featuring a shaped oval back upper section having a carved foliate crest and upholstered in a floral stripe pink and beige patterned fabric, standing on 4 fluted and shaped tapered legs.","Italian Neo-Classic (18th Century) giltwood side chair featuring a shaped oval back upper section having a carved foliate crest and upholstered in a floral stripe pink and beige patterned fabric, standing on 4 fluted and shaped tapered legs.","Italian Neo-Classic (18th Century) giltwood side chair featuring a shaped oval back upper section having a carved foliate crest and upholstered in a floral stripe pink and beige patterned fabric, standing on 4 fluted and shaped tapered legs.",unchanged-same
product-reg5183,REG5183,dimensions,,,,both-empty
product-reg5183,REG5183,price,"$6,500","$6,500","$6,500",unchanged-same
product-reg5183,REG5183,material,,"Carved, fabric, gilt / giltwood, upholstered, wood","Carved, fabric, gilt / giltwood, upholstered, wood",filled-from-archive
product-reg5183,REG5183,style,Italian,Italian,Italian,unchanged-same
product-reg5183,REG5183,period,,,,both-empty
product-reg5183,REG5183,availability,Available Qty: 1,Available Qty: 1,Available Qty: 1,unchanged-same
product-reg4600,REG4600,title,Mid-Century American Modern Brass Unicorn Sculpture on Square Base,Mid-Century American Modern Brass Unicorn Sculpture on Square Base,Mid-Century American Modern Brass Unicorn Sculpture on Square Base,unchanged-same
product-reg4600,REG4600,description,"Mid-Century American Modern brass sculpture depicting a unicorn in realistic style standing on its hind legs, supported on a rectangual base..","Mid-Century American Modern brass sculpture depicting a unicorn in realistic style standing on its hind legs, supported on a rectangual base..","Mid-Century American Modern brass sculpture depicting a unicorn in realistic style standing on its hind legs, supported on a rectangual base..",unchanged-same
product-reg4600,REG4600,dimensions,,,,both-empty
product-reg4600,REG4600,price,"$3,500","$3,500","$3,500",unchanged-same
product-reg4600,REG4600,material,,"Brass, metal","Brass, metal",filled-from-archive
product-reg4600,REG4600,style,Mid-Century,Mid-Century,Mid-Century,unchanged-same
product-reg4600,REG4600,period,,,,both-empty
product-reg4600,REG4600,availability,Available Qty: 1,Available Qty: 1,Available Qty: 1,unchanged-same
product-056981,056981,title,Set of Monumental Bronze Egyptian Figures,Set of Monumental Bronze Egyptian Figures,Set of Monumental Bronze Egyptian Figures,unchanged-same
product-056981,056981,description,SET of 4 Russian (19th Century) monumental bronze Egyptian figures emblematic of the Months on painted bases after those by C. Cameron & M. Alexandrov for the Egyptian Vestibule at Pavlovsk Palace (PRICED AS SET).,SET of 4 Russian (19th Century) monumental bronze Egyptian figures emblematic of the Months on painted bases after those by C. Cameron & M. Alexandrov for the Egyptian Vestibule at Pavlovsk Palace (PRICED AS SET).,SET of 4 Russian (19th Century) monumental bronze Egyptian figures emblematic of the Months on painted bases after those by C. Cameron & M. Alexandrov for the Egyptian Vestibule at Pavlovsk Palace (PRICED AS SET).,unchanged-same
product-056981,056981,dimensions,,,,both-empty
product-056981,056981,price,"$360,000","$360,000","$360,000",unchanged-same
product-056981,056981,material,,"Bronze, lace, metal","Bronze, lace, metal",filled-from-archive
product-056981,056981,style,Russian,Russian,Russian,unchanged-same
product-056981,056981,period,,,,both-empty
product-056981,056981,availability,Available Qty: 1,Available Qty: 1,Available Qty: 1,unchanged-same
product-reg5081,REG5081,title,Mid-Century American Embossed Beige Faux Reptile Leather Upholstered Quilted Desk / Side Chair,Mid-Century American Embossed Beige Faux Reptile Leather Upholstered Quilted Desk / Side Chair,Mid-Century American Embossed Beige Faux Reptile Leather Upholstered Quilted Desk / Side Chair,unchanged-same
product-reg5081,REG5081,description,"Mid-Century American tub form desk / vanity chair with an upholstered off-white leather quilted with a curved roll back and , roll front seat with the outside frame having embossed off-white faux reptile leather resting on 2 front cabriole legs and slightly splayed back legs (KARL SPRINGER) (Companion pieces: REG4872, REG4872A, REG4735).","Mid-Century American tub form desk / vanity chair with an upholstered off-white leather quilted with a curved roll back and , roll front seat with the outside frame having embossed off-white faux reptile leather resting on 2 front cabriole legs and slightly splayed back legs (KARL SPRINGER) (Companion pieces: REG4872, REG4872A, REG4735).","Mid-Century American tub form desk / vanity chair with an upholstered off-white leather quilted with a curved roll back and , roll front seat with the outside frame having embossed off-white faux reptile leather resting on 2 front cabriole legs and slightly splayed back legs (KARL SPRINGER) (Companion pieces: REG4872, REG4872A, REG4735).",unchanged-same
product-reg5081,REG5081,dimensions,,,,both-empty
product-reg5081,REG5081,price,"$3,250","$3,250","$3,250",unchanged-same
product-reg5081,REG5081,material,,"Embossed, leather, upholstered, wood","Embossed, leather, upholstered, wood",filled-from-archive
product-reg5081,REG5081,style,Mid-Century,Mid-Century,Mid-Century,unchanged-same
product-reg5081,REG5081,period,,,,both-empty
product-reg5081,REG5081,availability,Available Qty: 1,Available Qty: 1,Available Qty: 1,unchanged-same
product-reg4095a,REG4095A,title,TH Robsjohn Gibbings Mid-Century Upholstered Seat Armchair,TH Robsjohn Gibbings Mid-Century Upholstered Seat Armchair,TH Robsjohn Gibbings Mid-Century Upholstered Seat Armchair,unchanged-same
product-reg4095a,REG4095A,description,Mid-Century American walnut armchair with a square back having wavy splat panel back and upholstered seat (TH Robsjohn Gibbings) (Matching side chair: REG4095B).,Mid-Century American walnut armchair with a square back having wavy splat panel back and upholstered seat (TH Robsjohn Gibbings) (Matching side chair: REG4095B).,Mid-Century American walnut armchair with a square back having wavy splat panel back and upholstered seat (TH Robsjohn Gibbings) (Matching side chair: REG4095B).,unchanged-same
product-reg4095a,REG4095A,dimensions,,,,both-empty
product-reg4095a,REG4095A,price,"$2,800","$2,800","$2,800",unchanged-same
product-reg4095a,REG4095A,material,,"Fabric, upholstered, wood","Fabric, upholstered, wood",filled-from-archive
product-reg4095a,REG4095A,style,Mid-Century,Mid-Century,Mid-Century,unchanged-same
product-reg4095a,REG4095A,period,,,,both-empty
product-reg4095a,REG4095A,availability,Available Qty: 1,Available Qty: 1,Available Qty: 1,unchanged-same
product-reg5401,REG5401,title,French Louis XVI Coat of Arm Embossed Side Chair,French Louis XVI Coat of Arm Embossed Side Chair,French Louis XVI Coat of Arm Embossed Side Chair,unchanged-same
product-reg5401,REG5401,description,French Louis XVI style (19/20th Century) side chair with a raised embossed leather coat of arms pattern on the seat and back.,French Louis XVI style (19/20th Century) side chair with a raised embossed leather coat of arms pattern on the seat and back.,French Louis XVI style (19/20th Century) side chair with a raised embossed leather coat of arms pattern on the seat and back.,unchanged-same
product-reg5401,REG5401,dimensions,,,,both-empty
product-reg5401,REG5401,price,"$1,500","$1,500","$1,500",unchanged-same
product-reg5401,REG5401,material,,"Leather, wood","Leather, wood",filled-from-archive
product-reg5401,REG5401,style,French,French,French,unchanged-same
product-reg5401,REG5401,period,,,,both-empty
product-reg5401,REG5401,availability,Available Qty: 1,Available Qty: 1,Available Qty: 1,unchanged-same
product-duf0877,DUF0877,title,Pair of Warren Bacon Mid-Century American Brass and Wood Horseshoe Cantilever Barstools,Pair of Warren Bacon Mid-Century American Brass and Wood Horseshoe Cantilever Barstools,Pair of Warren Bacon Mid-Century American Brass and Wood Horseshoe Cantilever Barstools,unchanged-same
product-duf0877,DUF0877,description,"PAIR of Mid-Century American sculpted wood tractor style bar stools consisting of 3 composited wood segments separated by brass insets, resting on horseshoe cantilevered frames. (WARREN BACON) (PRICED AS PAIR).","PAIR of Mid-Century American sculpted wood tractor style bar stools consisting of 3 composited wood segments separated by brass insets, resting on horseshoe cantilevered frames. (WARREN BACON) (PRICED AS PAIR).","PAIR of Mid-Century American sculpted wood tractor style bar stools consisting of 3 composited wood segments separated by brass insets, resting on horseshoe cantilevered frames. (WARREN BACON) (PRICED AS PAIR).",unchanged-same
product-duf0877,DUF0877,dimensions,,,,both-empty
product-duf0877,DUF0877,price,"$9,000","$9,000","$9,000",unchanged-same
product-duf0877,DUF0877,material,,"Brass, metal, wood","Brass, metal, wood",filled-from-archive
product-duf0877,DUF0877,style,Mid-Century,Mid-Century,Mid-Century,unchanged-same
product-duf0877,DUF0877,period,,,,both-empty
product-duf0877,DUF0877,availability,Available Qty: 1,Available Qty: 1,Available Qty: 1,unchanged-same
product-reg5022,REG5022,title,Set of 10 Milo Baughman American Mid-Century Polished Steel and Purple Upholstered Side Chairs,Set of 10 Milo Baughman American Mid-Century Polished Steel and Purple Upholstered Side Chairs,Set of 10 Milo Baughman American Mid-Century Polished Steel and Purple Upholstered Side Chairs,unchanged-same
product-reg5022,REG5022,description,"SET of 10 American Mid-Century dining / side chairs with flat bar polished stainless steel frames, upholstered in a textured purple fabric with button tufted backs. (MILO BAUGHMAN) (PRICED AS SET).","SET of 10 American Mid-Century dining / side chairs with flat bar polished stainless steel frames, upholstered in a textured purple fabric with button tufted backs. (MILO BAUGHMAN) (PRICED AS SET).","SET of 10 American Mid-Century dining / side chairs with flat bar polished stainless steel frames, upholstered in a textured purple fabric with button tufted backs. (MILO BAUGHMAN) (PRICED AS SET).",unchanged-same
product-reg5022,REG5022,dimensions,,,,both-empty
product-reg5022,REG5022,price,"$27,000","$27,000","$27,000",unchanged-same
product-reg5022,REG5022,material,,"Fabric, metal, steel, tufted, upholstered","Fabric, metal, steel, tufted, upholstered",filled-from-archive
product-reg5022,REG5022,style,Mid-Century,Mid-Century,Mid-Century,unchanged-same
product-reg5022,REG5022,period,,,,both-empty
product-reg5022,REG5022,availability,Available Qty: 1,Available Qty: 1,Available Qty: 1,unchanged-same
product-reg9104,REG9104,title,American Contemporary Blue and Black Mixed Media Orb,American Contemporary Blue and Black Mixed Media Orb,American Contemporary Blue and Black Mixed Media Orb,unchanged-same
product-reg9104,REG9104,description,American Contemporary blue and black mixed media orb showcasing a smooth surface with partially visible internal fragments (MAKERS MARK: TONY ARMENI &#039;86).,American Contemporary blue and black mixed media orb showcasing a smooth surface with partially visible internal fragments (MAKERS MARK: TONY ARMENI &#039;86).,American Contemporary blue and black mixed media orb showcasing a smooth surface with partially visible internal fragments (MAKERS MARK: TONY ARMENI &#039;86).,unchanged-same
product-reg9104,REG9104,dimensions,,,,both-empty
product-reg9104,REG9104,price,$975,$975,$975,unchanged-same
product-reg9104,REG9104,material,,"Ceramic, marble, resin","Ceramic, marble, resin",filled-from-archive
product-reg9104,REG9104,style,Contemporary/Post-War Design,Contemporary/Post-War Design,Contemporary/Post-War Design,unchanged-same
product-reg9104,REG9104,period,,,,both-empty
product-reg9104,REG9104,availability,Available Qty: 1,Available Qty: 1,Available Qty: 1,unchanged-same
product-064337,064337,title,American Contemporary Steel Mesh Stackable Chairs,American Contemporary Steel Mesh Stackable Chairs,American Contemporary Steel Mesh Stackable Chairs,unchanged-same
product-064337,064337,description,SET of 10 American Contemporary Steel Mesh Stackable Arm Chairs with a triangular shaped back (PRICED AS SET).,SET of 10 American Contemporary Steel Mesh Stackable Arm Chairs with a triangular shaped back (PRICED AS SET).,SET of 10 American Contemporary Steel Mesh Stackable Arm Chairs with a triangular shaped back (PRICED AS SET).,unchanged-same
product-064337,064337,dimensions,,,,both-empty
product-064337,064337,price,"$1,800","$1,800","$1,800",unchanged-same
product-064337,064337,material,,Steel,Steel,filled-from-archive
product-064337,064337,style,Contemporary/Post-War Design,Contemporary/Post-War Design,Contemporary/Post-War Design,unchanged-same
product-064337,064337,period,,,,both-empty
product-064337,064337,availability,,,,both-empty
product-064283,064283,title,American Mission Leather and wood Barstools,American Mission Leather and wood Barstools,American Mission Leather and wood Barstools,unchanged-same
product-064283,064283,description,SET of 6 American Mission tan leather and wood barstools ending on turned bun feet. (PRICED EACH).,SET of 6 American Mission tan leather and wood barstools ending on turned bun feet. (PRICED EACH).,SET of 6 American Mission tan leather and wood barstools ending on turned bun feet. (PRICED EACH).,unchanged-same
product-064283,064283,dimensions,,,,both-empty
product-064283,064283,price,$450,$450,$450,unchanged-same
product-064283,064283,material,,"Leather, wood","Leather, wood",filled-from-archive
product-064283,064283,style,American,American,American,unchanged-same
product-064283,064283,period,,,,both-empty
product-064283,064283,availability,Available Qty: 1,Available Qty: 1,Available Qty: 1,unchanged-same
product-grs6293,GRS6293,title,Art Deco-Style American Cast Metal and Marble Sculpture of Three Marching Elephants,Art Deco-Style American Cast Metal and Marble Sculpture of Three Marching Elephants,Art Deco-Style American Cast Metal and Marble Sculpture of Three Marching Elephants,unchanged-same
product-grs6293,GRS6293,description,"Art Deco-style American sculpture of three marching elephants, each cast in metal with a patinated bronze finish, mounted on a textured gilt metal base on a brown and gray marble plinth..","Art Deco-style American sculpture of three marching elephants, each cast in metal with a patinated bronze finish, mounted on a textured gilt metal base on a brown and gray marble plinth..","Art Deco-style American sculpture of three marching elephants, each cast in metal with a patinated bronze finish, mounted on a textured gilt metal base on a brown and gray marble plinth..",unchanged-same
product-grs6293,GRS6293,dimensions,,,,both-empty
product-grs6293,GRS6293,price,$900,$900,$900,unchanged-same
product-grs6293,GRS6293,material,,"Bronze, marble, metal","Bronze, marble, metal",filled-from-archive
product-grs6293,GRS6293,style,Art Deco,Art Deco,Art Deco,unchanged-same
product-grs6293,GRS6293,period,,,,both-empty
product-grs6293,GRS6293,availability,Available Qty: 1,Available Qty: 1,Available Qty: 1,unchanged-same
product-064333,064333,title,English Victorian Chesterfield Style Black Tufted Sofa,English Victorian Chesterfield Style Black Tufted Sofa,English Victorian Chesterfield Style Black Tufted Sofa,unchanged-same
product-064333,064333,description,2 English Victorian Chesterfield Style Black Tufted Sofa (PRICED EACH).,2 English Victorian Chesterfield Style Black Tufted Sofa (PRICED EACH).,2 English Victorian Chesterfield Style Black Tufted Sofa (PRICED EACH).,unchanged-same
product-064333,064333,dimensions,,,,both-empty
product-064333,064333,price,"$8,500","$8,500","$8,500",unchanged-same
product-064333,064333,material,,,,both-empty
product-064333,064333,style,English,English,English,unchanged-same
product-064333,064333,period,,,,both-empty
product-064333,064333,availability,Available Qty: 2,Available Qty: 2,Available Qty: 2,unchanged-same
product-063585,063585,title,French Empire Style Arched Cheval Mirror,French Empire Style Arched Cheval Mirror,French Empire Style Arched Cheval Mirror,unchanged-same
product-063585,063585,description,"Biedermeier style (mid-20th Century) cheval mirror with beveled arched glass inset within a walnut veneer frame supported on two black lacquered columns and stretcher surmounted with brass sphere finials flanked by two small brass scroll handles, resting on arched legs and brass bun feet..","Biedermeier style (mid-20th Century) cheval mirror with beveled arched glass inset within a walnut veneer frame supported on two black lacquered columns and stretcher surmounted with brass sphere finials flanked by two small brass scroll handles, resting on arched legs and brass bun feet..","Biedermeier style (mid-20th Century) cheval mirror with beveled arched glass inset within a walnut veneer frame supported on two black lacquered columns and stretcher surmounted with brass sphere finials flanked by two small brass scroll handles, resting on arched legs and brass bun feet..",unchanged-same
product-063585,063585,dimensions,,,,both-empty
product-063585,063585,price,"$3,350","$3,350","$3,350",unchanged-same
product-063585,063585,material,,"Brass, metal, mirror, wood","Brass, metal, mirror, wood",filled-from-archive
product-063585,063585,style,Biedermeier,Biedermeier,Biedermeier,unchanged-same
product-063585,063585,period,,,,both-empty
product-063585,063585,availability,,,,both-empty
product-036075b,036075B,title,Outdoor Iron Greek Woman Statuary,Outdoor Iron Greek Woman Statuary,Outdoor Iron Greek Woman Statuary,unchanged-same
product-036075b,036075B,description,Outdoor painted iron large classic Greek woman supporting an urn on her shoulder (19/20th Cent) (Please note this piece has been outdoors and has since become brown and gray coloring).,Outdoor painted iron large classic Greek woman supporting an urn on her shoulder (19/20th Cent) (Please note this piece has been outdoors and has since become brown and gray coloring).,Outdoor painted iron large classic Greek woman supporting an urn on her shoulder (19/20th Cent) (Please note this piece has been outdoors and has since become brown and gray coloring).,unchanged-same
product-036075b,036075B,dimensions,,,,both-empty
product-036075b,036075B,price,"$7,500","$7,500","$7,500",unchanged-same
product-036075b,036075B,material,,"Iron, iron / wrought iron","Iron, iron / wrought iron",filled-from-archive
product-036075b,036075B,style,Outdoor,Outdoor,Outdoor,unchanged-same
product-036075b,036075B,period,,,,both-empty
product-036075b,036075B,availability,Available Qty: 1,Available Qty: 1,Available Qty: 1,unchanged-same
product-nwl6953,NWL6953,title,Set of 8 Louis Majorelle French Art Nouveau Carved Walnut and Sage Green Muslin Side Chairs,Set of 8 Louis Majorelle French Art Nouveau Carved Walnut and Sage Green Muslin Side Chairs,Set of 8 Louis Majorelle French Art Nouveau Carved Walnut and Sage Green Muslin Side Chairs,unchanged-same
product-nwl6953,NWL6953,description,"SET of 8 French Art Nouveau side chairs with carved walnut frames, openwork backs featuring a central upholstered section and seat upholstered in a sage green muslin. (LOUIS MAJORELLE)(PRICED AS SET).","SET of 8 French Art Nouveau side chairs with carved walnut frames, openwork backs featuring a central upholstered section and seat upholstered in a sage green muslin. (LOUIS MAJORELLE)(PRICED AS SET).","SET of 8 French Art Nouveau side chairs with carved walnut frames, openwork backs featuring a central upholstered section and seat upholstered in a sage green muslin. (LOUIS MAJORELLE)(PRICED AS SET).",unchanged-same
product-nwl6953,NWL6953,dimensions,,,,both-empty
product-nwl6953,NWL6953,price,"$21,000","$21,000","$21,000",unchanged-same
product-nwl6953,NWL6953,material,,"Carved, fabric, upholstered, walnut, wood","Carved, fabric, upholstered, walnut, wood",filled-from-archive
product-nwl6953,NWL6953,style,Art Nouveau,Art Nouveau,Art Nouveau,unchanged-same
product-nwl6953,NWL6953,period,,,,both-empty
product-nwl6953,NWL6953,availability,Available Qty: 1,Available Qty: 1,Available Qty: 1,unchanged-same
product-035467,035467,title,Pair of Chinese Carved and Lacquered Warrior Figures,Pair of Chinese Carved and Lacquered Warrior Figures,Pair of Chinese Carved and Lacquered Warrior Figures,unchanged-same
product-035467,035467,description,PAIR of large Asian Chinese style (18th Cent) carved and lacquered warrior figures.,PAIR of large Asian Chinese style (18th Cent) carved and lacquered warrior figures.,PAIR of large Asian Chinese style (18th Cent) carved and lacquered warrior figures.,unchanged-same
product-035467,035467,dimensions,,,,both-empty
product-035467,035467,price,"$42,500","$42,500","$42,500",unchanged-same
product-035467,035467,material,,"Lacquered, carved","Lacquered, carved",filled-from-archive
product-035467,035467,style,Asian,Asian,Asian,unchanged-same
product-035467,035467,period,,,,both-empty
product-035467,035467,availability,Available Qty: 1,Available Qty: 1,Available Qty: 1,unchanged-same
product-reg4308,REG4308,title,Dominique et Cie French Art Deco Mahogany Beige and Gold Patterned Upholstered Dining / Side Chairs,Dominique et Cie French Art Deco Mahogany Beige and Gold Patterned Upholstered Dining / Side Chairs,Dominique et Cie French Art Deco Mahogany Beige and Gold Patterned Upholstered Dining / Side Chairs,unchanged-same
product-reg4308,REG4308,description,"SET of 10 French Art Deco dining / side chairs with brown lacquered frames and shaped legs, upholstered in a beige patterned fabric with veins of gold, bordered with matching piping. (DOMINIQUE ET CIE)(PRICED AS SET).","SET of 10 French Art Deco dining / side chairs with brown lacquered frames and shaped legs, upholstered in a beige patterned fabric with veins of gold, bordered with matching piping. (DOMINIQUE ET CIE)(PRICED AS SET).","SET of 10 French Art Deco dining / side chairs with brown lacquered frames and shaped legs, upholstered in a beige patterned fabric with veins of gold, bordered with matching piping. (DOMINIQUE ET CIE)(PRICED AS SET).",unchanged-same
product-reg4308,REG4308,dimensions,,,,both-empty
product-reg4308,REG4308,price,"$28,000","$28,000","$28,000",unchanged-same
product-reg4308,REG4308,material,,"Fabric, mahogany, upholstered, wood","Fabric, mahogany, upholstered, wood",filled-from-archive
product-reg4308,REG4308,style,Art Deco,Art Deco,Art Deco,unchanged-same
product-reg4308,REG4308,period,,,,both-empty
product-reg4308,REG4308,availability,,,,both-empty
product-035467c,035467C,title,Pair of Italian Renaissance Iron Page Figures,Pair of Italian Renaissance Iron Page Figures,Pair of Italian Renaissance Iron Page Figures,unchanged-same
product-035467c,035467C,description,PAIR of Italian Renaissance style (19/20th Cent) iron life size page figures holding torch..,PAIR of Italian Renaissance style (19/20th Cent) iron life size page figures holding torch..,PAIR of Italian Renaissance style (19/20th Cent) iron life size page figures holding torch..,unchanged-same
product-035467c,035467C,dimensions,,,,both-empty
product-035467c,035467C,price,"$48,000","$48,000","$48,000",unchanged-same
product-035467c,035467C,material,,"Iron, iron / wrought iron","Iron, iron / wrought iron",filled-from-archive
product-035467c,035467C,style,Italian,Italian,Italian,unchanged-same
product-035467c,035467C,period,,,,both-empty
product-035467c,035467C,availability,Available Qty: 1,Available Qty: 1,Available Qty: 1,unchanged-same
product-reg5565,REG5565,title,Pair of Italian Baroque Silver Gilt and Painted Hand Form Reliquaries,Pair of Italian Baroque Silver Gilt and Painted Hand Form Reliquaries,Pair of Italian Baroque Silver Gilt and Painted Hand Form Reliquaries,unchanged-same
product-reg5565,REG5565,description,PAIR of Italian Baroque (possibly 17th Century) Silver Gilt and Painted Hand Form religious Reliquaries (PRICED AS PAIR).,PAIR of Italian Baroque (possibly 17th Century) Silver Gilt and Painted Hand Form religious Reliquaries (PRICED AS PAIR).,PAIR of Italian Baroque (possibly 17th Century) Silver Gilt and Painted Hand Form religious Reliquaries (PRICED AS PAIR).,unchanged-same
product-reg5565,REG5565,dimensions,,,,both-empty
product-reg5565,REG5565,price,"$6,500","$6,500","$6,500",unchanged-same
product-reg5565,REG5565,material,,,,both-empty
product-reg5565,REG5565,style,Contemporary/Post-War Design,Contemporary/Post-War Design,Contemporary/Post-War Design,unchanged-same
product-reg5565,REG5565,period,,,,both-empty
product-reg5565,REG5565,availability,Available Qty: 1,Available Qty: 1,Available Qty: 1,unchanged-same
product-032270,032270,title,Set of 3 Italian Renaissance Musical Figures,Set of 3 Italian Renaissance Musical Figures,Set of 3 Italian Renaissance Musical Figures,unchanged-same
product-032270,032270,description,SET of 3 Italian Renaissance style (19th Cent) stripped large figures/statues playing musical instruments (PRICED AS SET).,SET of 3 Italian Renaissance style (19th Cent) stripped large figures/statues playing musical instruments (PRICED AS SET).,SET of 3 Italian Renaissance style (19th Cent) stripped large figures/statues playing musical instruments (PRICED AS SET).,unchanged-same
product-032270,032270,dimensions,,,,both-empty
product-032270,032270,price,"$21,000","$21,000","$21,000",unchanged-same
product-032270,032270,material,,Stripped,Stripped,filled-from-archive
product-032270,032270,style,Italian,Italian,Italian,unchanged-same
product-032270,032270,period,,,,both-empty
product-032270,032270,availability,Available Qty: 1,Available Qty: 1,Available Qty: 1,unchanged-same
product-042411a,042411A,title,Native American Northwest Totem Pole,Native American Northwest Totem Pole,Native American Northwest Totem Pole,unchanged-same
product-042411a,042411A,description,American Northwest Native American carved and painted totem pole (Kwakult or Nootka) (19th Cent.).,American Northwest Native American carved and painted totem pole (Kwakult or Nootka) (19th Cent.).,American Northwest Native American carved and painted totem pole (Kwakult or Nootka) (19th Cent.).,unchanged-same
product-042411a,042411A,dimensions,,,,both-empty
product-042411a,042411A,price,"$15,750","$15,750","$15,750",unchanged-same
product-042411a,042411A,material,,"Carved, painted","Carved, painted",filled-from-archive
product-042411a,042411A,style,American,American,American,unchanged-same
product-042411a,042411A,period,,,,both-empty
product-042411a,042411A,availability,,,,both-empty
product-duf0836,DUF0836,title,"Pair of Luther Conover Mid-Century American ""Horseshoe"" Metal and Wood Counter Stools","Pair of Luther Conover Mid-Century American ""Horseshoe""  Metal and Wood Counter Stools","Pair of Luther Conover Mid-Century American ""Horseshoe"" Metal and Wood Counter Stools",kept-existing
product-duf0836,DUF0836,description,"PAIR of Mid-Century American (1950s) ""Horseshoe"" counter stools with flat wooden oval seats resting on splayed black iron tripod frames with curved crossbars. (LUTHER CONOVER)(PRICED AS PAIR).","PAIR of Mid-Century American (1950s) ""Horseshoe"" counter stools with flat wooden oval seats resting on splayed black iron tripod frames with curved crossbars. (LUTHER CONOVER)(PRICED AS PAIR).","PAIR of Mid-Century American (1950s) ""Horseshoe"" counter stools with flat wooden oval seats resting on splayed black iron tripod frames with curved crossbars. (LUTHER CONOVER)(PRICED AS PAIR).",unchanged-same
product-duf0836,DUF0836,dimensions,,,,both-empty
product-duf0836,DUF0836,price,"$3,200","$3,200","$3,200",unchanged-same
product-duf0836,DUF0836,material,,"Iron, metal, wood","Iron, metal, wood",filled-from-archive
product-duf0836,DUF0836,style,Mid-Century,Mid-Century,Mid-Century,unchanged-same
product-duf0836,DUF0836,period,,,,both-empty
product-duf0836,DUF0836,availability,Available Qty: 1,Available Qty: 1,Available Qty: 1,unchanged-same
product-064347,064347,title,American Contemporary Mustard Yellow Velvet Chairs,American Contemporary Mustard Yellow Velvet Chairs,American Contemporary Mustard Yellow Velvet Chairs,unchanged-same
product-064347,064347,description,"PAIR of American Contemporary chairs with mustard yellow velvet upholstery with a seat cushion, ending on outward and tapered metal legs with gold finish (PRICED AS PAIR).","PAIR of American Contemporary chairs with mustard yellow velvet upholstery with a seat cushion, ending on outward and tapered metal legs with gold finish (PRICED AS PAIR).","PAIR of American Contemporary chairs with mustard yellow velvet upholstery with a seat cushion, ending on outward and tapered metal legs with gold finish (PRICED AS PAIR).",unchanged-same
product-064347,064347,dimensions,,,,both-empty
product-064347,064347,price,"$3,500","$3,500","$3,500",unchanged-same
product-064347,064347,material,,Velvet,Velvet,filled-from-archive
product-064347,064347,style,Contemporary/Post-War Design,Contemporary/Post-War Design,Contemporary/Post-War Design,unchanged-same
product-064347,064347,period,,,,both-empty
product-064347,064347,availability,Available Qty: 1,Available Qty: 1,Available Qty: 1,unchanged-same
product-reg9113,REG9113,title,American Petried Wood Table Sculpture,American Petried Wood Table Sculpture,American Petried Wood Table Sculpture,unchanged-same
product-reg9113,REG9113,description,American Mid-Century Modern style petrified wood slice sculpture mounted on a black metal base.,American Mid-Century Modern style petrified wood slice sculpture mounted on a black metal base.,American Mid-Century Modern style petrified wood slice sculpture mounted on a black metal base.,unchanged-same
product-reg9113,REG9113,dimensions,,,,both-empty
product-reg9113,REG9113,price,"$1,250","$1,250","$1,250",unchanged-same
product-reg9113,REG9113,material,,,,both-empty
product-reg9113,REG9113,style,Mid-Century,Mid-Century,Mid-Century,unchanged-same
product-reg9113,REG9113,period,,,,both-empty
product-reg9113,REG9113,availability,Available Qty: 1,Available Qty: 1,Available Qty: 1,unchanged-same
product-064280,064280,title,Arthur Umanoff American Mid-Century Slatted Wooden Bar Stools,Arthur Umanoff American Mid-Century Slatted Wooden Bar Stools,Arthur Umanoff American Mid-Century Slatted Wooden Bar Stools,unchanged-same
product-064280,064280,description,10 American Mid-Century slatted wooden swivel seat bar stools with woven rush backs and wrought iron frames. (ARTHUR UMANOFF for RAYMOR) (PRICED EACH - Available Individually).,10 American Mid-Century slatted wooden swivel seat bar stools with woven rush backs and wrought iron frames. (ARTHUR UMANOFF for RAYMOR) (PRICED EACH - Available Individually).,10 American Mid-Century slatted wooden swivel seat bar stools with woven rush backs and wrought iron frames. (ARTHUR UMANOFF for RAYMOR) (PRICED EACH - Available Individually).,unchanged-same
product-064280,064280,dimensions,,,,both-empty
product-064280,064280,price,$750,$750,$750,unchanged-same
product-064280,064280,material,,"Jute, leather, metal","Jute, leather, metal",filled-from-archive
product-064280,064280,style,Mid-Century,Mid-Century,Mid-Century,unchanged-same
product-064280,064280,period,,,,both-empty
product-064280,064280,availability,Available Qty: 10,Available Qty: 10,Available Qty: 10,unchanged-same
product-reg4814,REG4814,title,Art Deco French Shagreen and Rosewood Cheval Mirror,Art Deco French Shagreen and Rosewood Cheval Mirror,Art Deco French Shagreen and Rosewood Cheval Mirror,unchanged-same
product-reg4814,REG4814,description,"French Art Deco (1930s) shagreen and rosewood rectangular octagonal cheval mirror with inlaid and shagreen border along the frame, hinged to pivot by two parallel supports and resting on a stepped rosewood and shagreen base..","French Art Deco (1930s) shagreen and rosewood rectangular octagonal cheval mirror with inlaid and shagreen border along the frame, hinged to pivot by two parallel supports and resting on a stepped rosewood and shagreen base..","French Art Deco (1930s) shagreen and rosewood rectangular octagonal cheval mirror with inlaid and shagreen border along the frame, hinged to pivot by two parallel supports and resting on a stepped rosewood and shagreen base..",unchanged-same
product-reg4814,REG4814,dimensions,,,,both-empty
product-reg4814,REG4814,price,"$18,750","$18,750","$18,750",unchanged-same
product-reg4814,REG4814,material,,"Mirror, rosewood, shagreen, wood","Mirror, rosewood, shagreen, wood",filled-from-archive
product-reg4814,REG4814,style,Art Deco,Art Deco,Art Deco,unchanged-same
product-reg4814,REG4814,period,,,,both-empty
product-reg4814,REG4814,availability,,,,both-empty
product-nwl8740,NWL8740,title,"Kar Studio Chinese Contemporary ""Samurai Sword"" Chair","Kar Studio Chinese Contemporary ""Samurai Sword"" Chair","Kar Studio Chinese Contemporary ""Samurai Sword"" Chair",unchanged-same
product-nwl8740,NWL8740,description,"SET of 4 Contemporary dining chairs representing a silhouette of a Samurai sword from the front profile, bearing triangular seats with elongated back rests ending on cuboid plinth base (KAR STUDIO) (PRICED EACH)

This piece is represented by PHILIA and offered in partnership with Reynolds Antique House..","SET of 4 Contemporary dining chairs representing a silhouette of a Samurai sword from the front profile, bearing triangular seats with elongated back rests ending on cuboid plinth base (KAR STUDIO) (PRICED EACH)

This piece is represented by PHILIA and offered in partnership with NEWEL..","SET of 4 Contemporary dining chairs representing a silhouette of a Samurai sword from the front profile, bearing triangular seats with elongated back rests ending on cuboid plinth base (KAR STUDIO) (PRICED EACH)

This piece is represented by PHILIA and offered in partnership with Reynolds Antique House..",kept-existing
product-nwl8740,NWL8740,dimensions,,,,both-empty
product-nwl8740,NWL8740,price,"$2,850","$2,850","$2,850",unchanged-same
product-nwl8740,NWL8740,material,,,,both-empty
product-nwl8740,NWL8740,style,Contemporary/Post-War Design,Contemporary/Post-War Design,Contemporary/Post-War Design,unchanged-same
product-nwl8740,NWL8740,period,,,,both-empty
product-nwl8740,NWL8740,availability,Available Qty: 1,Available Qty: 1,Available Qty: 1,unchanged-same
product-duf0834,DUF0834,title,Cleo Baldon for Terra of California Mid-Century American X-Frame Beige Barstool,Cleo Baldon for Terra of California Mid-Century American X-Frame Beige Barstool,Cleo Baldon for Terra of California Mid-Century American X-Frame Beige Barstool,unchanged-same
product-duf0834,DUF0834,description,"Mid-Century American (1970s) X-frame bar stool with beige woven fabric upholstered seat pads with button tufted detail, resting on sturdy iron and oak frames. (CLEO BALDON FOR TERRA OF CALIFORNIA)(Other examples in different upholstery: DUF0830, DUF0832, DUF0833).","Mid-Century American (1970s) X-frame bar stool with beige woven fabric upholstered seat pads with button tufted detail, resting on sturdy iron and oak frames. (CLEO BALDON FOR TERRA OF CALIFORNIA)(Other examples in different upholstery: DUF0830, DUF0832, DUF0833).","Mid-Century American (1970s) X-frame bar stool with beige woven fabric upholstered seat pads with button tufted detail, resting on sturdy iron and oak frames. (CLEO BALDON FOR TERRA OF CALIFORNIA)(Other examples in different upholstery: DUF0830, DUF0832, DUF0833).",unchanged-same
product-duf0834,DUF0834,dimensions,,,,both-empty
product-duf0834,DUF0834,price,"$3,800","$3,800","$3,800",unchanged-same
product-duf0834,DUF0834,material,,"Fabric, iron, oak, tufted, upholstered","Fabric, iron, oak, tufted, upholstered",filled-from-archive
product-duf0834,DUF0834,style,Mid-Century,Mid-Century,Mid-Century,unchanged-same
product-duf0834,DUF0834,period,,,,both-empty
product-duf0834,DUF0834,availability,Available Qty: 1,Available Qty: 1,Available Qty: 1,unchanged-same
product-nwl8702,NWL8702,title,Kar Studio Chinese Contemporary Beige Amorphous Fiberglass Side Chairs,Kar Studio Chinese Contemporary Beige Amorphous Fiberglass Side Chairs,Kar Studio Chinese Contemporary Beige Amorphous Fiberglass Side Chairs,unchanged-same
product-nwl8702,NWL8702,description,"2 Contemporary beige amorphous fiberglass \\""Playdough\\"" side chairs (KAR STUDIO) (PRICED EACH)

This piece is represented by PHILIA and offered in partnership with Reynolds Antique House..","2 Contemporary beige amorphous fiberglass \\""Playdough\\"" side chairs (KAR STUDIO) (PRICED EACH)

This piece is represented by PHILIA and offered in partnership with NEWEL..","2 Contemporary beige amorphous fiberglass \\""Playdough\\"" side chairs (KAR STUDIO) (PRICED EACH)

This piece is represented by PHILIA and offered in partnership with Reynolds Antique House..",kept-existing
product-nwl8702,NWL8702,dimensions,,,,both-empty
product-nwl8702,NWL8702,price,"$3,500","$3,500","$3,500",unchanged-same
product-nwl8702,NWL8702,material,,Fiberglass,Fiberglass,filled-from-archive
product-nwl8702,NWL8702,style,Contemporary/Post-War Design,Contemporary/Post-War Design,Contemporary/Post-War Design,unchanged-same
product-nwl8702,NWL8702,period,,,,both-empty
product-nwl8702,NWL8702,availability,Available Qty: 2,Available Qty: 2,Available Qty: 2,unchanged-same
product-reg5602,REG5602,title,Raul Varnerin Brazilian Mid-Century Biomorphic Sculpture,Raul Varnerin Brazilian Mid-Century Biomorphic Sculpture,Raul Varnerin Brazilian Mid-Century Biomorphic Sculpture,unchanged-same
product-reg5602,REG5602,description,Brazilian Mid-Century biomorphic sculpture with a rich patina and a minimalistic design having 2 short legs on a rectangular base (base not pictured).,Brazilian Mid-Century biomorphic sculpture with a rich patina and a minimalistic design having 2 short legs on a rectangular base (base not pictured).,Brazilian Mid-Century biomorphic sculpture with a rich patina and a minimalistic design having 2 short legs on a rectangular base (base not pictured).,unchanged-same
product-reg5602,REG5602,dimensions,,,,both-empty
product-reg5602,REG5602,price,"$1,200","$1,200","$1,200",unchanged-same
product-reg5602,REG5602,material,,Wood,Wood,filled-from-archive
product-reg5602,REG5602,style,Mid-Century,Mid-Century,Mid-Century,unchanged-same
product-reg5602,REG5602,period,,,,both-empty
product-reg5602,REG5602,availability,Available Qty: 1,Available Qty: 1,Available Qty: 1,unchanged-same
product-dua0040,DUA0040,title,Franco Lafini Italian Mid-Century SIlver Plate and Crystal Crane,Franco Lafini Italian Mid-Century SIlver Plate and Crystal Crane,Franco Lafini Italian Mid-Century SIlver Plate and Crystal Crane,unchanged-same
product-dua0040,DUA0040,description,Italian Mid-Century SIlver Plate and Crystal Figure of a Crane standing on a rectangular base (FRANCO LAFINI).,Italian Mid-Century SIlver Plate and Crystal Figure of a Crane standing on a rectangular base (FRANCO LAFINI).,Italian Mid-Century SIlver Plate and Crystal Figure of a Crane standing on a rectangular base (FRANCO LAFINI).,unchanged-same
product-dua0040,DUA0040,dimensions,,,,both-empty
product-dua0040,DUA0040,price,"$4,250","$4,250","$4,250",unchanged-same
product-dua0040,DUA0040,material,,"Crystal, silver","Crystal, silver",filled-from-archive
product-dua0040,DUA0040,style,Mid-Century,Mid-Century,Mid-Century,unchanged-same
product-dua0040,DUA0040,period,,,,both-empty
product-dua0040,DUA0040,availability,Available Qty: 1,Available Qty: 1,Available Qty: 1,unchanged-same
product-reg4281,REG4281,title,Matched Pair of Art Deco Terracotta Sculpture or Statues by Demetre Chiparus,Matched Pair of Art Deco Terracotta Sculpture or Statues by Demetre Chiparus,Matched Pair of Art Deco Terracotta Sculpture or Statues by Demetre Chiparus,unchanged-same
product-reg4281,REG4281,description,PAIR of Art Deco Terracotta Sculpture or Statues by Demetre Chiparus.,PAIR of Art Deco Terracotta Sculpture or Statues by Demetre Chiparus.,PAIR of Art Deco Terracotta Sculpture or Statues by Demetre Chiparus.,unchanged-same
product-reg4281,REG4281,dimensions,,,,both-empty
product-reg4281,REG4281,price,"$35,000","$35,000","$35,000",unchanged-same
product-reg4281,REG4281,material,,,,both-empty
product-reg4281,REG4281,style,Art Deco,Art Deco,Art Deco,unchanged-same
product-reg4281,REG4281,period,,,,both-empty
product-reg4281,REG4281,availability,Available Qty: 1,Available Qty: 1,Available Qty: 1,unchanged-same
product-mod2048,MOD2048,title,Nuno Walnut Dining Chair with Cord Seat,Nuno Walnut Dining Chair with Cord Seat,Nuno Walnut Dining Chair with Cord Seat,unchanged-same
product-mod2048,MOD2048,description,"12 ""Nuno"" Mid-Century-style dining side chairs with Danish-inspired design constructed of sustainably harvested FSC-certified American walnut, with a papercord seat in a natural finish (PRICED EACH). (Reynolds Antique House MODERN COLLECTION).","12 ""Nuno"" Mid-Century-style dining side chairs with Danish-inspired design constructed of sustainably harvested FSC-certified American walnut, with a papercord seat in a natural finish (PRICED EACH). (NEWEL MODERN COLLECTION).","12 ""Nuno"" Mid-Century-style dining side chairs with Danish-inspired design constructed of sustainably harvested FSC-certified American walnut, with a papercord seat in a natural finish (PRICED EACH). (Reynolds Antique House MODERN COLLECTION).",kept-existing
product-mod2048,MOD2048,dimensions,,,,both-empty
product-mod2048,MOD2048,price,"$1,045","$1,045","$1,045",unchanged-same
product-mod2048,MOD2048,material,,"Papercord, walnut, wood","Papercord, walnut, wood",filled-from-archive
product-mod2048,MOD2048,style,Mid-Century,Mid-Century,Mid-Century,unchanged-same
product-mod2048,MOD2048,period,,,,both-empty
product-mod2048,MOD2048,availability,,,,both-empty
product-reg5043,REG5043,title,"Pair of Vladimir Kagan Contemporary American ""Nobu"" or ""Cubist"" Walnut Upholstered Dining Chairs","Pair of Vladimir Kagan Contemporary American ""Nobu"" or ""Cubist"" Walnut Upholstered Dining Chairs","Pair of Vladimir Kagan Contemporary American ""Nobu"" or ""Cubist"" Walnut Upholstered Dining Chairs",unchanged-same
product-reg5043,REG5043,description,"PAIR of Contemporary American ""Nobu"" or ""Cubist"" dining chairs feature a flattened minimalist openwork frame with back and seat anchored to the front and back supports, upholstered in a textured beige fabric. (VLADIMIR KAGAN) (PRICED AS PAIR).","PAIR of Contemporary American ""Nobu"" or ""Cubist"" dining chairs feature a flattened minimalist openwork frame with back and seat anchored to the front and back supports, upholstered in a textured beige fabric. (VLADIMIR KAGAN) (PRICED AS PAIR).","PAIR of Contemporary American ""Nobu"" or ""Cubist"" dining chairs feature a flattened minimalist openwork frame with back and seat anchored to the front and back supports, upholstered in a textured beige fabric. (VLADIMIR KAGAN) (PRICED AS PAIR).",unchanged-same
product-reg5043,REG5043,dimensions,,,,both-empty
product-reg5043,REG5043,price,"$5,400","$5,400","$5,400",unchanged-same
product-reg5043,REG5043,material,,"Fabric, textured, upholstered, wood","Fabric, textured, upholstered, wood",filled-from-archive
product-reg5043,REG5043,style,Contemporary/Post-War Design,Contemporary/Post-War Design,Contemporary/Post-War Design,unchanged-same
product-reg5043,REG5043,period,,,,both-empty
product-reg5043,REG5043,availability,Available Qty: 1,Available Qty: 1,Available Qty: 1,unchanged-same
product-064336,064336,title,Bentwood Hairpin Scroll Café Walnut Side Chairs,Bentwood Hairpin Scroll Café Walnut Side Chairs,Bentwood Hairpin Scroll Café Walnut Side Chairs,unchanged-same
product-064336,064336,description,10 walnut bentwood café bistro side chairs with hairpin scroll design open back and seat (PRICED EACH).,10 walnut bentwood café bistro side chairs with hairpin scroll design open back and seat (PRICED EACH).,10 walnut bentwood café bistro side chairs with hairpin scroll design open back and seat (PRICED EACH).,unchanged-same
product-064336,064336,dimensions,,,,both-empty
product-064336,064336,price,$450,$450,$450,unchanged-same
product-064336,064336,material,,Walnut,Walnut,filled-from-archive
product-064336,064336,style,Bentwood,Bentwood,Bentwood,unchanged-same
product-064336,064336,period,,,,both-empty
product-064336,064336,availability,Available Qty: 10,Available Qty: 10,Available Qty: 10,unchanged-same
product-064335,064335,title,Bentwood Hairpin Scroll Café Walnut Side Chairs,Bentwood Hairpin Scroll Café Walnut Side Chairs,Bentwood Hairpin Scroll Café Walnut Side Chairs,unchanged-same
product-064335,064335,description,5 bentwood café bistro side chairs with an open scroll back design and seat (PRICED EACH).,5 bentwood café bistro side chairs with an open scroll back design and seat (PRICED EACH).,5 bentwood café bistro side chairs with an open scroll back design and seat (PRICED EACH).,unchanged-same
product-064335,064335,dimensions,,,,both-empty
product-064335,064335,price,$450,$450,$450,unchanged-same
product-064335,064335,material,,,,both-empty
product-064335,064335,style,Bentwood,Bentwood,Bentwood,unchanged-same
product-064335,064335,period,,,,both-empty
product-064335,064335,availability,Available Qty: 5,Available Qty: 5,Available Qty: 5,unchanged-same
product-064345,064345,title,American Mid-Century Brown Leather Lounge Chairs,American Mid-Century Brown Leather Lounge Chairs,American Mid-Century Brown Leather Lounge Chairs,unchanged-same
product-064345,064345,description,PAIR of American Mid-Century Brown Leather Lounge Chairs  witha square back(PRICED AS PAIR).,PAIR of American Mid-Century Brown Leather Lounge Chairs  witha square back(PRICED AS PAIR).,PAIR of American Mid-Century Brown Leather Lounge Chairs  witha square back(PRICED AS PAIR).,unchanged-same
product-064345,064345,dimensions,,,,both-empty
product-064345,064345,price,"$6,500","$6,500","$6,500",unchanged-same
product-064345,064345,material,,Leather,Leather,filled-from-archive
product-064345,064345,style,Mid-Century,Mid-Century,Mid-Century,unchanged-same
product-064345,064345,period,,,,both-empty
product-064345,064345,availability,Available Qty: 1,Available Qty: 1,Available Qty: 1,unchanged-same
product-064346,064346,title,English Victorian Chesterfield Style Tufted Brown Leather Lounge Chairs,English Victorian Chesterfield Style Tufted Brown Leather Lounge Chairs,English Victorian Chesterfield Style Tufted Brown Leather Lounge Chairs,unchanged-same
product-064346,064346,description,PAIR of English Victorian Chesterfield Style Tufted Brown Leather square back Lounge Chairs (PRICED AS PAIR).,PAIR of English Victorian Chesterfield Style Tufted Brown Leather square back Lounge Chairs (PRICED AS PAIR).,PAIR of English Victorian Chesterfield Style Tufted Brown Leather square back Lounge Chairs (PRICED AS PAIR).,unchanged-same
product-064346,064346,dimensions,,,,both-empty
product-064346,064346,price,"$5,500","$5,500","$5,500",unchanged-same
product-064346,064346,material,,Leather,Leather,filled-from-archive
product-064346,064346,style,English,English,English,unchanged-same
product-064346,064346,period,,,,both-empty
product-064346,064346,availability,Available Qty: 1,Available Qty: 1,Available Qty: 1,unchanged-same
product-duf0869,DUF0869,title,"Pair of Mid-Century American Polished Chrome, Brass and Black Leather Barstools","Pair of Mid-Century American Polished Chrome, Brass and Black Leather Barstools","Pair of Mid-Century American Polished Chrome, Brass and Black Leather Barstools",unchanged-same
product-duf0869,DUF0869,description,"PAIR of Mid-Century American chrome bar stools upholstered in black leather with a rectangular stem anchored to an X-stretcher base reinforced by curved, splayed chrome supports connected to an octagonal brass foot ring. (PRICED AS PAIR).","PAIR of Mid-Century American chrome bar stools upholstered in black leather with a rectangular stem anchored to an X-stretcher base reinforced by curved, splayed chrome supports connected to an octagonal brass foot ring. (PRICED AS PAIR).","PAIR of Mid-Century American chrome bar stools upholstered in black leather with a rectangular stem anchored to an X-stretcher base reinforced by curved, splayed chrome supports connected to an octagonal brass foot ring. (PRICED AS PAIR).",unchanged-same
product-duf0869,DUF0869,dimensions,,,,both-empty
product-duf0869,DUF0869,price,"$12,500","$12,500","$12,500",unchanged-same
product-duf0869,DUF0869,material,,"Brass, chrome, leather, metal, upholstered","Brass, chrome, leather, metal, upholstered",filled-from-archive
product-duf0869,DUF0869,style,Mid-Century,Mid-Century,Mid-Century,unchanged-same
product-duf0869,DUF0869,period,,,,both-empty
product-duf0869,DUF0869,availability,Available Qty: 1,Available Qty: 1,Available Qty: 1,unchanged-same
product-duf0898,DUF0898,title,Pair of Mid-Century American Triangular Blue Vinyl Upholstered Wood Bar Stools,Pair of Mid-Century American Triangular Blue Vinyl Upholstered Wood Bar Stools,Pair of Mid-Century American Triangular Blue Vinyl Upholstered Wood Bar Stools,unchanged-same
product-duf0898,DUF0898,description,"Pair of Mid-Century American triangular blue vinyl upholstered bar stools with low backrests, a splayed tripod wood frame and metal twist foot supports..","Pair of Mid-Century American triangular blue vinyl upholstered bar stools with low backrests, a splayed tripod wood frame and metal twist foot supports..","Pair of Mid-Century American triangular blue vinyl upholstered bar stools with low backrests, a splayed tripod wood frame and metal twist foot supports..",unchanged-same
product-duf0898,DUF0898,dimensions,,,,both-empty
product-duf0898,DUF0898,price,"$8,200","$8,200","$8,200",unchanged-same
product-duf0898,DUF0898,material,,"Metal, upholstered, vinyl, wood","Metal, upholstered, vinyl, wood",filled-from-archive
product-duf0898,DUF0898,style,Mid-Century,Mid-Century,Mid-Century,unchanged-same
product-duf0898,DUF0898,period,,,,both-empty
product-duf0898,DUF0898,availability,Available Qty: 1,Available Qty: 1,Available Qty: 1,unchanged-same
product-034018,034018,title,Pair of Renaissance Polychromed Kneeling Figures,Pair of Renaissance Polychromed Kneeling Figures,Pair of Renaissance Polychromed Kneeling Figures,unchanged-same
product-034018,034018,description,PAIR of Italian Renaissance style (19th Cent) polychromed life size kneeling figures (similar matching pair with wings #034018A).,PAIR of Italian Renaissance style (19th Cent) polychromed life size kneeling figures (similar matching pair with wings #034018A).,PAIR of Italian Renaissance style (19th Cent) polychromed life size kneeling figures (similar matching pair with wings #034018A).,unchanged-same
product-034018,034018,dimensions,,,,both-empty
product-034018,034018,price,"$18,500","$18,500","$18,500",unchanged-same
product-034018,034018,material,,,,both-empty
product-034018,034018,style,Italian,Italian,Italian,unchanged-same
product-034018,034018,period,,,,both-empty
product-034018,034018,availability,Available Qty: 1,Available Qty: 1,Available Qty: 1,unchanged-same
product-reg4008a,REG4008A,title,Set of 5 American Mid-Century Ed Wormley Ebonized With Striped Upholestory Armchair,Set of 5 American Mid-Century Ed Wormley Ebonized With Striped Upholestory Armchair,Set of 5 American Mid-Century Ed Wormley Ebonized With Striped Upholestory Armchair,unchanged-same
product-reg4008a,REG4008A,description,Set of 5 American Mid-Century ebonized wood continuous roundback armchair with black and white stripped upholstery (EDWARD WORMLEY for DUNBAR) (PRICED AS SET) (MATCHING SET of 4 with white upholstery: REG4008B).,Set of 5 American Mid-Century ebonized wood continuous roundback armchair with black and white stripped upholstery (EDWARD WORMLEY for DUNBAR) (PRICED AS SET) (MATCHING SET of 4 with white upholstery: REG4008B).,Set of 5 American Mid-Century ebonized wood continuous roundback armchair with black and white stripped upholstery (EDWARD WORMLEY for DUNBAR) (PRICED AS SET) (MATCHING SET of 4 with white upholstery: REG4008B).,unchanged-same
product-reg4008a,REG4008A,dimensions,,,,both-empty
product-reg4008a,REG4008A,price,"$12,250","$12,250","$12,250",unchanged-same
product-reg4008a,REG4008A,material,,Wood,Wood,filled-from-archive
product-reg4008a,REG4008A,style,Mid-Century,Mid-Century,Mid-Century,unchanged-same
product-reg4008a,REG4008A,period,,,,both-empty
product-reg4008a,REG4008A,availability,Available Qty: 1,Available Qty: 1,Available Qty: 1,unchanged-same
product-reg5073,REG5073,title,American Mid-Century Paul Frankl Dining chair,American Mid-Century Paul Frankl Dining chair,American Mid-Century Paul Frankl Dining chair,unchanged-same
product-reg5073,REG5073,description,American Mid-Century ebonized armchair with a double panel back and seat having a floral upholstery (PAUL FRANKL).,American Mid-Century ebonized armchair with a double panel back and seat having a floral upholstery (PAUL FRANKL).,American Mid-Century ebonized armchair with a double panel back and seat having a floral upholstery (PAUL FRANKL).,unchanged-same
product-reg5073,REG5073,dimensions,,,,both-empty
product-reg5073,REG5073,price,"$1,800","$1,800","$1,800",unchanged-same
product-reg5073,REG5073,material,,Upholstered,Upholstered,filled-from-archive
product-reg5073,REG5073,style,Mid-Century,Mid-Century,Mid-Century,unchanged-same
product-reg5073,REG5073,period,,,,both-empty
product-reg5073,REG5073,availability,Available Qty: 1,Available Qty: 1,Available Qty: 1,unchanged-same
product-064340,064340,title,English Victorian Style Black Tufted Camelback Sofa,English Victorian Style Black Tufted Camelback Sofa,English Victorian Style Black Tufted Camelback Sofa,unchanged-same
product-064340,064340,description,2 English Victorian Style Tufted Black Leather Camelback Sofas with 6 straight legs connected with a stretcher (PRICED EACH).,2 English Victorian Style Tufted Black Leather Camelback Sofas with 6 straight legs connected with a stretcher (PRICED EACH).,2 English Victorian Style Tufted Black Leather Camelback Sofas with 6 straight legs connected with a stretcher (PRICED EACH).,unchanged-same
product-064340,064340,dimensions,,,,both-empty
product-064340,064340,price,"$3,200","$3,200","$3,200",unchanged-same
product-064340,064340,material,,,,both-empty
product-064340,064340,style,English,English,English,unchanged-same
product-064340,064340,period,,,,both-empty
product-064340,064340,availability,Available Qty: 2,Available Qty: 2,Available Qty: 2,unchanged-same
product-nwl6761,NWL6761,title,19th Century Indonesian Painted Wood Mile Marker Carving,19th Century Indonesian Painted Wood Mile Marker Carving,19th Century Indonesian Painted Wood Mile Marker Carving,unchanged-same
product-nwl6761,NWL6761,description,"Indonesian (19th Century) obelisk-like mile marker handcarved and painted in a white wash, and mounted on a flat rectangular metal base..","Indonesian (19th Century) obelisk-like mile marker handcarved and painted in a white wash, and mounted on a flat rectangular metal base..","Indonesian (19th Century) obelisk-like mile marker handcarved and painted in a white wash, and mounted on a flat rectangular metal base..",unchanged-same
product-nwl6761,NWL6761,dimensions,,,,both-empty
product-nwl6761,NWL6761,price,"$1,850","$1,850","$1,850",unchanged-same
product-nwl6761,NWL6761,material,,"Metal, painted, wood","Metal, painted, wood",filled-from-archive
product-nwl6761,NWL6761,style,Asian,Asian,Asian,unchanged-same
product-nwl6761,NWL6761,period,,,,both-empty
product-nwl6761,NWL6761,availability,Available Qty: 1,Available Qty: 1,Available Qty: 1,unchanged-same
product-reg9127,REG9127,title,American Contemporary Brown Ceramic Sphere,American Contemporary Brown Ceramic Sphere,American Contemporary Brown Ceramic Sphere,unchanged-same
product-reg9127,REG9127,description,American Contemporary brown ceramic sphere (similar green sphere REG9128).,American Contemporary brown ceramic sphere (similar green sphere REG9128).,American Contemporary brown ceramic sphere (similar green sphere REG9128).,unchanged-same
product-reg9127,REG9127,dimensions,,,,both-empty
product-reg9127,REG9127,price,$320,$320,$320,unchanged-same
product-reg9127,REG9127,material,,Marble,Marble,filled-from-archive
product-reg9127,REG9127,style,Contemporary/Post-War Design,Contemporary/Post-War Design,Contemporary/Post-War Design,unchanged-same
product-reg9127,REG9127,period,,,,both-empty
product-reg9127,REG9127,availability,Available Qty: 1,Available Qty: 1,Available Qty: 1,unchanged-same
product-060579,060579,title,French Art Deco Wrought Iron Cheval Mirror,French Art Deco Wrought Iron Cheval Mirror,French Art Deco Wrought Iron Cheval Mirror,unchanged-same
product-060579,060579,description,French Art Deco wrought iron cheval mirror with an arch-form top and open filigree border on a tiered rectangular pedestal base..,French Art Deco wrought iron cheval mirror with an arch-form top and open filigree border on a tiered rectangular pedestal base..,French Art Deco wrought iron cheval mirror with an arch-form top and open filigree border on a tiered rectangular pedestal base..,unchanged-same
product-060579,060579,dimensions,,,,both-empty
product-060579,060579,price,"$17,500","$17,500","$17,500",unchanged-same
product-060579,060579,material,,"Iron, iron / wrought iron, metal","Iron, iron / wrought iron, metal",filled-from-archive
product-060579,060579,style,Art Deco,Art Deco,Art Deco,unchanged-same
product-060579,060579,period,,,,both-empty
product-060579,060579,availability,Available Qty: 1,Available Qty: 1,Available Qty: 1,unchanged-same
product-038062a,038062A,title,White Painted Bentwood Cheval Mirror (manner of Michael Thonet),White Painted Bentwood Cheval Mirror (manner of Michael Thonet),White Painted Bentwood Cheval Mirror (manner of Michael Thonet),unchanged-same
product-038062a,038062A,description,White painted 19th/20th Century bentwood cheval mirror (in the manner of Michael Thonet).,White painted 19th/20th Century bentwood cheval mirror (in the manner of Michael Thonet).,White painted 19th/20th Century bentwood cheval mirror (in the manner of Michael Thonet).,unchanged-same
product-038062a,038062A,dimensions,,,,both-empty
product-038062a,038062A,price,"$12,500","$12,500","$12,500",unchanged-same
product-038062a,038062A,material,,"Bentwood, painted, wood","Bentwood, painted, wood",filled-from-archive
product-038062a,038062A,style,Bentwood,Bentwood,Bentwood,unchanged-same
product-038062a,038062A,period,,,,both-empty
product-038062a,038062A,availability,Available Qty: 1,Available Qty: 1,Available Qty: 1,unchanged-same
product-064133,064133,title,DIA American Contemporary Chrome and Leather Barstools,DIA American Contemporary Chrome and Leather Barstools,DIA American Contemporary Chrome and Leather Barstools,unchanged-same
product-064133,064133,description,SET of 3 American Contemporary tube and flatbar chromed steel barstools with leather seat and back cushions (PRICED AS SET) (DESIGN INSTITUTE OF AMERICA).,SET of 3 American Contemporary tube and flatbar chromed steel barstools with leather seat and back cushions (PRICED AS SET) (DESIGN INSTITUTE OF AMERICA).,SET of 3 American Contemporary tube and flatbar chromed steel barstools with leather seat and back cushions (PRICED AS SET) (DESIGN INSTITUTE OF AMERICA).,unchanged-same
product-064133,064133,dimensions,,,,both-empty
product-064133,064133,price,"$3,600","$3,600","$3,600",unchanged-same
product-064133,064133,material,,,,both-empty
product-064133,064133,style,Mid-Century,Mid-Century,Mid-Century,unchanged-same
product-064133,064133,period,,,,both-empty
product-064133,064133,availability,Available Qty: 1,Available Qty: 1,Available Qty: 1,unchanged-same
product-mod2032,MOD2032,title,"""Karl"" Contemporary Mid-Century Style Walnut and Textured Charcoal Gray Upholstered Armchairs","""Karl"" Contemporary Mid-Century Style Walnut and Textured Charcoal Gray Upholstered Armchairs","""Karl"" Contemporary Mid-Century Style Walnut and Textured Charcoal Gray Upholstered Armchairs",unchanged-same
product-mod2032,MOD2032,description,"2 Contemporary ""Karl"" Swedish Mid-Century-style armchairs with walnut frames supporting a curved back with small side extentions, and inclined seat, upholstered in a woved charcoal gray textured fabric.  (PRICED EACH).","2 Contemporary ""Karl"" Swedish Mid-Century-style armchairs with walnut frames supporting a curved back with small side extentions, and inclined seat, upholstered in a woved charcoal gray textured fabric.  (PRICED EACH).","2 Contemporary ""Karl"" Swedish Mid-Century-style armchairs with walnut frames supporting a curved back with small side extentions, and inclined seat, upholstered in a woved charcoal gray textured fabric.  (PRICED EACH).",unchanged-same
product-mod2032,MOD2032,dimensions,,,,both-empty
product-mod2032,MOD2032,price,"$1,650","$1,650","$1,650",unchanged-same
product-mod2032,MOD2032,material,,"Fabric, upholstered, walnut, wood","Fabric, upholstered, walnut, wood",filled-from-archive
product-mod2032,MOD2032,style,Contemporary/Post-War Design,Contemporary/Post-War Design,Contemporary/Post-War Design,unchanged-same
product-mod2032,MOD2032,period,,,,both-empty
product-mod2032,MOD2032,availability,Available Qty: 2,Available Qty: 2,Available Qty: 2,unchanged-same
product-mod2038,MOD2038,title,Corda Bench / Footstool (Natural Papercord),Corda Bench / Footstool (Natural Papercord),Corda Bench / Footstool (Natural Papercord),unchanged-same
product-mod2038,MOD2038,description,"2 ""Corda"" Mid-Century Danish Style bench/footstools made from FSC-Certified solid walnut, this bench is not only stylish but also environmentally friendly and features a styled cord seat with a natural finish  (PRICED EACH).","2 ""Corda"" Mid-Century Danish Style bench/footstools made from FSC-Certified solid walnut, this bench is not only stylish but also environmentally friendly and features a styled cord seat with a natural finish  (PRICED EACH).","2 ""Corda"" Mid-Century Danish Style bench/footstools made from FSC-Certified solid walnut, this bench is not only stylish but also environmentally friendly and features a styled cord seat with a natural finish  (PRICED EACH).",unchanged-same
product-mod2038,MOD2038,dimensions,,,,both-empty
product-mod2038,MOD2038,price,$850,$850,$850,unchanged-same
product-mod2038,MOD2038,material,,"Papercord, walnut, wood","Papercord, walnut, wood",filled-from-archive
product-mod2038,MOD2038,style,Mid-Century,Mid-Century,Mid-Century,unchanged-same
product-mod2038,MOD2038,period,,,,both-empty
product-mod2038,MOD2038,availability,Available Qty: 2,Available Qty: 2,Available Qty: 2,unchanged-same
product-mod2039a,MOD2039A,title,Corda Long Bench (Natural),Corda Long Bench (Natural),Corda Long Bench (Natural),unchanged-same
product-mod2039a,MOD2039A,description,"The ""Corda"" Danish Mid-Century inspired bench constructed of eco-friendly FSC-Certified sustainable walnut, sourced in the United States and features a contrasting cord seat in a natural beige tone. (Available in black: MOD2039).","The ""Corda"" Danish Mid-Century inspired bench constructed of eco-friendly FSC-Certified sustainable walnut, sourced in the United States and features a contrasting cord seat in a natural beige tone. (Available in black: MOD2039).","The ""Corda"" Danish Mid-Century inspired bench constructed of eco-friendly FSC-Certified sustainable walnut, sourced in the United States and features a contrasting cord seat in a natural beige tone. (Available in black: MOD2039).",unchanged-same
product-mod2039a,MOD2039A,dimensions,,,,both-empty
product-mod2039a,MOD2039A,price,"$1,200","$1,200","$1,200",unchanged-same
product-mod2039a,MOD2039A,material,,"Papercord, walnut, wood","Papercord, walnut, wood",filled-from-archive
product-mod2039a,MOD2039A,style,Mid-Century,Mid-Century,Mid-Century,unchanged-same
product-mod2039a,MOD2039A,period,,,,both-empty
product-mod2039a,MOD2039A,availability,Available Qty: 1,Available Qty: 1,Available Qty: 1,unchanged-same
product-064097a,064097A,title,Contemporary Reproduction of Egyptian Figure on base,Contemporary Reproduction of Egyptian Figure on base,Contemporary Reproduction of Egyptian Figure on base,unchanged-same
product-064097a,064097A,description,Contemporary Reproduction of Egyptian Figure on base (similar figure: 064097B).,Contemporary Reproduction of Egyptian Figure on base (similar figure: 064097B).,Contemporary Reproduction of Egyptian Figure on base (similar figure: 064097B).,unchanged-same
product-064097a,064097A,dimensions,,,,both-empty
product-064097a,064097A,price,$120,$120,$120,unchanged-same
product-064097a,064097A,material,,Plastic,Plastic,filled-from-archive
product-064097a,064097A,style,Middle Eastern,Middle Eastern,Middle Eastern,unchanged-same
product-064097a,064097A,period,,,,both-empty
product-064097a,064097A,availability,Available Qty: 1,Available Qty: 1,Available Qty: 1,unchanged-same
product-062377,062377,title,American Empire Style Zoomorphic Design Cheval Mirror,American Empire Style Zoomorphic Design Cheval Mirror,American Empire Style Zoomorphic Design Cheval Mirror,unchanged-same
product-062377,062377,description,American Empire-style (first quarter 20th Century) mahogany cheval mirror flanked by carved swans on a scalloped base with paw feet and an eagle finial..,American Empire-style (first quarter 20th Century) mahogany cheval mirror flanked by carved swans on a scalloped base with paw feet and an eagle finial..,American Empire-style (first quarter 20th Century) mahogany cheval mirror flanked by carved swans on a scalloped base with paw feet and an eagle finial..,unchanged-same
product-062377,062377,dimensions,,,,both-empty
product-062377,062377,price,"$5,500","$5,500","$5,500",unchanged-same
product-062377,062377,material,,"Carved, mahogany, wood","Carved, mahogany, wood",filled-from-archive
product-062377,062377,style,American,American,American,unchanged-same
product-062377,062377,period,,,,both-empty
product-062377,062377,availability,Available Qty: 1,Available Qty: 1,Available Qty: 1,unchanged-same
product-064351,064351,title,Paulo Mendes da Rocha for Objekto Brazilian Contemporary Paulistano Cognac Leather Chairs,Paulo Mendes da Rocha for Objekto Brazilian Contemporary Paulistano Cognac Leather Chairs,Paulo Mendes da Rocha for Objekto Brazilian Contemporary Paulistano Cognac Leather Chairs,unchanged-same
product-064351,064351,description,SET of 4 Paulo Mendes da Rocha for Objekto Brazilian Contemporary Paulistano cognac leather chairs with a powder coated metal frame (OBJEKTO) (PRICED AS SET).,SET of 4 Paulo Mendes da Rocha for Objekto Brazilian Contemporary Paulistano cognac leather chairs with a powder coated metal frame (OBJEKTO) (PRICED AS SET).,SET of 4 Paulo Mendes da Rocha for Objekto Brazilian Contemporary Paulistano cognac leather chairs with a powder coated metal frame (OBJEKTO) (PRICED AS SET).,unchanged-same
product-064351,064351,dimensions,,,,both-empty
product-064351,064351,price,"$9,500","$9,500","$9,500",unchanged-same
product-064351,064351,material,,Leather,Leather,filled-from-archive
product-064351,064351,style,Contemporary/Post-War Design,Contemporary/Post-War Design,Contemporary/Post-War Design,unchanged-same
product-064351,064351,period,,,,both-empty
product-064351,064351,availability,Available Qty: 1,Available Qty: 1,Available Qty: 1,unchanged-same
product-mod2108a,MOD2108A,title,Natural Live Edge Petrified Wood Stump,Natural Live Edge Petrified Wood Stump,Natural Live Edge Petrified Wood Stump,unchanged-same
product-mod2108a,MOD2108A,description,Natural Live Edge Petrified Wood Stump.,Natural Live Edge Petrified Wood Stump.,Natural Live Edge Petrified Wood Stump.,unchanged-same
product-mod2108a,MOD2108A,dimensions,,,,both-empty
product-mod2108a,MOD2108A,price,$950,$950,$950,unchanged-same
product-mod2108a,MOD2108A,material,,,,both-empty
product-mod2108a,MOD2108A,style,"Rustic, Contemporary/Post-War Design","Rustic, Contemporary/Post-War Design","Rustic, Contemporary/Post-War Design",unchanged-same
product-mod2108a,MOD2108A,period,,,,both-empty
product-mod2108a,MOD2108A,availability,Available Qty: 1,Available Qty: 1,Available Qty: 1,unchanged-same
product-nwl7075,NWL7075,title,Steven Sebring American Contemporary Red Chair,Steven Sebring American Contemporary Red Chair,Steven Sebring American Contemporary Red Chair,unchanged-same
product-nwl7075,NWL7075,description,American contemporary enamel coated iron chair (STEVEN SEBRING).,American contemporary enamel coated iron chair (STEVEN SEBRING).,American contemporary enamel coated iron chair (STEVEN SEBRING).,unchanged-same
product-nwl7075,NWL7075,dimensions,,,,both-empty
product-nwl7075,NWL7075,price,"$2,500","$2,500","$2,500",unchanged-same
product-nwl7075,NWL7075,material,,Metal,Metal,filled-from-archive
product-nwl7075,NWL7075,style,Contemporary/Post-War Design,Contemporary/Post-War Design,Contemporary/Post-War Design,unchanged-same
product-nwl7075,NWL7075,period,,,,both-empty
product-nwl7075,NWL7075,availability,Available Qty: 1,Available Qty: 1,Available Qty: 1,unchanged-same
product-mod2058,MOD2058,title,Toco Counter Stool (Walnut),Toco Counter Stool (Walnut),Toco Counter Stool (Walnut),unchanged-same
product-mod2058,MOD2058,description,"2 ""TOCO"" Counter constructed of solid FSC-Certified walnut responsibly sourced in the USA featuring a Danish inspired Mid-Century design (PRICED EACH)..","2 ""TOCO"" Counter constructed of solid FSC-Certified walnut responsibly sourced in the USA featuring a Danish inspired Mid-Century design (PRICED EACH)..","2 ""TOCO"" Counter constructed of solid FSC-Certified walnut responsibly sourced in the USA featuring a Danish inspired Mid-Century design (PRICED EACH)..",unchanged-same
product-mod2058,MOD2058,dimensions,,,,both-empty
product-mod2058,MOD2058,price,"$1,095","$1,095","$1,095",unchanged-same
product-mod2058,MOD2058,material,,"Walnut, wood","Walnut, wood",filled-from-archive
product-mod2058,MOD2058,style,Mid-Century,Mid-Century,Mid-Century,unchanged-same
product-mod2058,MOD2058,period,,,,both-empty
product-mod2058,MOD2058,availability,Available Qty: 2,Available Qty: 2,Available Qty: 2,unchanged-same
product-032030,032030,title,Art Deco bronze figure of a man wearing a loin cloth running,Art Deco bronze figure of a man wearing a loin cloth running,Art Deco bronze figure of a man wearing a loin cloth running,unchanged-same
product-032030,032030,description,Art Deco (possibly German) bronze figure of a man wearing a loin cloth appearing as a Greek Olympian running on a black rectangular base.,Art Deco (possibly German) bronze figure of a man wearing a loin cloth appearing as a Greek Olympian running on a black rectangular base.,Art Deco (possibly German) bronze figure of a man wearing a loin cloth appearing as a Greek Olympian running on a black rectangular base.,unchanged-same
product-032030,032030,dimensions,,,,both-empty
product-032030,032030,price,"$1,850","$1,850","$1,850",unchanged-same
product-032030,032030,material,,Bronze,Bronze,filled-from-archive
product-032030,032030,style,Art Deco,Art Deco,Art Deco,unchanged-same
product-032030,032030,period,,,,both-empty
product-032030,032030,availability,Available Qty: 1,Available Qty: 1,Available Qty: 1,unchanged-same
product-reg5399,REG5399,title,American Conetemporary Sabored Leg Black Slipper Chair,American Conetemporary Sabored Leg Black Slipper Chair,American Conetemporary Sabored Leg Black Slipper Chair,unchanged-same
product-reg5399,REG5399,description,American Contemporary black leather slipper chair with with a continuous seat and back with sabored form wood legs.,American Contemporary black leather slipper chair with with a continuous seat and back with sabored form wood legs.,American Contemporary black leather slipper chair with with a continuous seat and back with sabored form wood legs.,unchanged-same
product-reg5399,REG5399,dimensions,,,,both-empty
product-reg5399,REG5399,price,$550,$550,$550,unchanged-same
product-reg5399,REG5399,material,,"Leather, wood","Leather, wood",filled-from-archive
product-reg5399,REG5399,style,Contemporary/Post-War Design,Contemporary/Post-War Design,Contemporary/Post-War Design,unchanged-same
product-reg5399,REG5399,period,,,,both-empty
product-reg5399,REG5399,availability,Available Qty: 1,Available Qty: 1,Available Qty: 1,unchanged-same
product-mod2035,MOD2035,title,"Set of ""Hugo"" Dining Side Chairs","Set of ""Hugo"" Dining Side Chairs","Set of ""Hugo"" Dining Side Chairs",unchanged-same
product-mod2035,MOD2035,description,"12 ""HUGO"" Mid-Century style dining chairs constructed of sustainably harvested FSC-certified American walnut, upholstered in leather (PRICED EACH)..","12 ""HUGO"" Mid-Century style dining chairs constructed of sustainably harvested FSC-certified American walnut, upholstered in leather (PRICED EACH)..","12 ""HUGO"" Mid-Century style dining chairs constructed of sustainably harvested FSC-certified American walnut, upholstered in leather (PRICED EACH)..",unchanged-same
product-mod2035,MOD2035,dimensions,,,,both-empty
product-mod2035,MOD2035,price,$985,$985,$985,unchanged-same
product-mod2035,MOD2035,material,,"Leather, walnut, wood","Leather, walnut, wood",filled-from-archive
product-mod2035,MOD2035,style,Mid-Century,Mid-Century,Mid-Century,unchanged-same
product-mod2035,MOD2035,period,,,,both-empty
product-mod2035,MOD2035,availability,Available Qty: 12,Available Qty: 12,Available Qty: 12,unchanged-same
product-038062b,038062B,title,Bentwood Oak Cheval Mirror (manner of Michael Thonet),Bentwood Oak Cheval Mirror (manner of Michael Thonet),Bentwood Oak Cheval Mirror (manner of Michael Thonet),unchanged-same
product-038062b,038062B,description,Bentwood (19th/20th Century) oak cheval mirror with ornate screw supports. (manner of Michael Thonet).,Bentwood (19th/20th Century) oak cheval mirror with ornate screw supports. (manner of Michael Thonet).,Bentwood (19th/20th Century) oak cheval mirror with ornate screw supports. (manner of Michael Thonet).,unchanged-same
product-038062b,038062B,dimensions,,,,both-empty
product-038062b,038062B,price,"$12,500","$12,500","$12,500",unchanged-same
product-038062b,038062B,material,,"Oak, wood","Oak, wood",filled-from-archive
product-038062b,038062B,style,Bentwood,Bentwood,Bentwood,unchanged-same
product-038062b,038062B,period,,,,both-empty
product-038062b,038062B,availability,Available Qty: 1,Available Qty: 1,Available Qty: 1,unchanged-same
product-064344,064344,title,Contemporary Black Leather and Steel Tube Lounge Chairs,Contemporary Black Leather and Steel Tube Lounge Chairs,Contemporary Black Leather and Steel Tube Lounge Chairs,unchanged-same
product-064344,064344,description,PAIR of French Contemporary Cube Form Black Leather and Steel Tube Grand Modele Style Lounge Chairs (PRICED AS PAIR).,PAIR of French Contemporary Cube Form Black Leather and Steel Tube Grand Modele Style Lounge Chairs (PRICED AS PAIR).,PAIR of French Contemporary Cube Form Black Leather and Steel Tube Grand Modele Style Lounge Chairs (PRICED AS PAIR).,unchanged-same
product-064344,064344,dimensions,,,,both-empty
product-064344,064344,price,"$4,200","$4,200","$4,200",unchanged-same
product-064344,064344,material,,Steel,Steel,filled-from-archive
product-064344,064344,style,Contemporary/Post-War Design,Contemporary/Post-War Design,Contemporary/Post-War Design,unchanged-same
product-064344,064344,period,,,,both-empty
product-064344,064344,availability,Available Qty: 1,Available Qty: 1,Available Qty: 1,unchanged-same
product-042137b,042137B,title,Grecian Bronze Military Woman Figure,Grecian Bronze Military Woman Figure,Grecian Bronze Military Woman Figure,unchanged-same
product-042137b,042137B,description,Grecian style bronze life size figure of classic woman (Athena) with military wardrobe holding a round decorated shield and a sword (sword replaced with wooden model) (19th Cent.).,Grecian style bronze life size figure of classic woman (Athena) with military wardrobe holding a round decorated shield and a sword (sword replaced with wooden model) (19th Cent.).,Grecian style bronze life size figure of classic woman (Athena) with military wardrobe holding a round decorated shield and a sword (sword replaced with wooden model) (19th Cent.).,unchanged-same
product-042137b,042137B,dimensions,,,,both-empty
product-042137b,042137B,price,"$55,000","$55,000","$55,000",unchanged-same
product-042137b,042137B,material,,"Wood, bronze, iron, iron / wrought iron, lace","Wood, bronze, iron, iron / wrought iron, lace",filled-from-archive
product-042137b,042137B,style,Italian,Italian,Italian,unchanged-same
product-042137b,042137B,period,,,,both-empty
product-042137b,042137B,availability,Available Qty: 1,Available Qty: 1,Available Qty: 1,unchanged-same
product-duf0880,DUF0880,title,Pair of Warren Bacon Mid-Century American Chrome and Wood Horseshoe Cantilever Bar Stools,Pair of Warren Bacon Mid-Century American Chrome and Wood Horseshoe Cantilever Bar Stools,Pair of Warren Bacon Mid-Century American Chrome and Wood Horseshoe Cantilever Bar Stools,unchanged-same
product-duf0880,DUF0880,description,PAIR of Mid-Century American sculpted wood tractor style bar stools smoothly contoured for a comfortable fit on horseshoe cantilevered chrome frames. (WARREN BACON) (PRICED AS PAIR).,PAIR of Mid-Century American sculpted wood tractor style bar stools smoothly contoured for a comfortable fit on horseshoe cantilevered chrome frames. (WARREN BACON) (PRICED AS PAIR).,PAIR of Mid-Century American sculpted wood tractor style bar stools smoothly contoured for a comfortable fit on horseshoe cantilevered chrome frames. (WARREN BACON) (PRICED AS PAIR).,unchanged-same
product-duf0880,DUF0880,dimensions,,,,both-empty
product-duf0880,DUF0880,price,"$7,600","$7,600","$7,600",unchanged-same
product-duf0880,DUF0880,material,,"Chrome, metal, wood","Chrome, metal, wood",filled-from-archive
product-duf0880,DUF0880,style,Mid-Century,Mid-Century,Mid-Century,unchanged-same
product-duf0880,DUF0880,period,,,,both-empty
product-duf0880,DUF0880,availability,Available Qty: 1,Available Qty: 1,Available Qty: 1,unchanged-same
product-reg5013,REG5013,title,Set of 6 Jules Leleu French Art Deco Amboyna Gold Geometric Fabric Upholstered Dining / Armchairs,Set of 6 Jules Leleu French Art Deco Amboyna Gold Geometric Fabric Upholstered Dining / Armchairs,Set of 6 Jules Leleu French Art Deco Amboyna Gold Geometric Fabric Upholstered Dining / Armchairs,unchanged-same
product-reg5013,REG5013,description,"SET of 6 French Art Deco dining armchairs with amboyna wood frames, upholstered in a gold fabric with a hexagonal geometric pattern (PRICED AS SET) (JULES LELEU).","SET of 6 French Art Deco dining armchairs with amboyna wood frames, upholstered in a gold fabric with a hexagonal geometric pattern (PRICED AS SET) (JULES LELEU).","SET of 6 French Art Deco dining armchairs with amboyna wood frames, upholstered in a gold fabric with a hexagonal geometric pattern (PRICED AS SET) (JULES LELEU).",unchanged-same
product-reg5013,REG5013,dimensions,,,,both-empty
product-reg5013,REG5013,price,"$55,000","$55,000","$55,000",unchanged-same
product-reg5013,REG5013,material,,"Amboyna, fabric, upholstered, wood","Amboyna, fabric, upholstered, wood",filled-from-archive
product-reg5013,REG5013,style,Art Deco,Art Deco,Art Deco,unchanged-same
product-reg5013,REG5013,period,,,,both-empty
product-reg5013,REG5013,availability,Available Qty: 1,Available Qty: 1,Available Qty: 1,unchanged-same
product-reg4004,REG4004,title,Swedish Neo-Classic Monumental Cream Painted and Parcel-Gilt Wall Mirror,Swedish Neo-Classic Monumental Cream Painted and Parcel-Gilt Wall Mirror,Swedish Neo-Classic Monumental Cream Painted and Parcel-Gilt Wall Mirror,unchanged-same
product-reg4004,REG4004,description,"Swedish Neo-Classic (19th Century) monumental wall mirror with a carved columnar design, parcel gilt and painted in a cream finish..","Swedish Neo-Classic (19th Century) monumental wall mirror with a carved columnar design, parcel gilt and painted in a cream finish..","Swedish Neo-Classic (19th Century) monumental wall mirror with a carved columnar design, parcel gilt and painted in a cream finish..",unchanged-same
product-reg4004,REG4004,dimensions,,,,both-empty
product-reg4004,REG4004,price,"$27,500","$27,500","$27,500",unchanged-same
product-reg4004,REG4004,material,,"Carved, gilt / giltwood, mirror, painted, wood","Carved, gilt / giltwood, mirror, painted, wood",filled-from-archive
product-reg4004,REG4004,style,Mid-Century,Mid-Century,Mid-Century,unchanged-same
product-reg4004,REG4004,period,,,,both-empty
product-reg4004,REG4004,availability,Available Qty: 1,Available Qty: 1,Available Qty: 1,unchanged-same
product-reg5398,REG5398,title,American Contemporary Black Leather Side Chair,American Contemporary Black Leather Side Chair,American Contemporary Black Leather Side Chair,unchanged-same
product-reg5398,REG5398,description,American contemporary black leather side chair with a stretcher on both sides connecting the legs.,American contemporary black leather side chair with a stretcher on both sides connecting the legs.,American contemporary black leather side chair with a stretcher on both sides connecting the legs.,unchanged-same
product-reg5398,REG5398,dimensions,,,,both-empty
product-reg5398,REG5398,price,$450,$450,$450,unchanged-same
product-reg5398,REG5398,material,,"Leather, wood","Leather, wood",filled-from-archive
product-reg5398,REG5398,style,Contemporary/Post-War Design,Contemporary/Post-War Design,Contemporary/Post-War Design,unchanged-same
product-reg5398,REG5398,period,,,,both-empty
product-reg5398,REG5398,availability,Available Qty: 1,Available Qty: 1,Available Qty: 1,unchanged-same
product-reg9128,REG9128,title,American Contemporary Green Ceramic Sphere,American Contemporary Green Ceramic Sphere,American Contemporary Green Ceramic Sphere,unchanged-same
product-reg9128,REG9128,description,American Contemporary green ceramic sphere (similar brown sphere REG9127).,American Contemporary green ceramic sphere (similar brown sphere REG9127).,American Contemporary green ceramic sphere (similar brown sphere REG9127).,unchanged-same
product-reg9128,REG9128,dimensions,,,,both-empty
product-reg9128,REG9128,price,$320,$320,$320,unchanged-same
product-reg9128,REG9128,material,,Marble,Marble,filled-from-archive
product-reg9128,REG9128,style,Contemporary/Post-War Design,Contemporary/Post-War Design,Contemporary/Post-War Design,unchanged-same
product-reg9128,REG9128,period,,,,both-empty
product-reg9128,REG9128,availability,Available Qty: 1,Available Qty: 1,Available Qty: 1,unchanged-same
product-nwl7691,NWL7691,title,GEOFFREY BRADFIELD American Contemporary Suede Bench with Curved Side Arms,GEOFFREY BRADFIELD American Contemporary Suede Bench with Curved Side Arms,GEOFFREY BRADFIELD American Contemporary Suede Bench with Curved Side Arms,unchanged-same
product-nwl7691,NWL7691,description,American Contemporary taupe suede upholstered bench with decorative nail head trim having curved side arms and shaped legs (GEOFFREY BRADFIELD).,American Contemporary taupe suede upholstered bench with decorative nail head trim having curved side arms and shaped legs (GEOFFREY BRADFIELD).,American Contemporary taupe suede upholstered bench with decorative nail head trim having curved side arms and shaped legs (GEOFFREY BRADFIELD).,unchanged-same
product-nwl7691,NWL7691,dimensions,,,,both-empty
product-nwl7691,NWL7691,price,"$4,800","$4,800","$4,800",unchanged-same
product-nwl7691,NWL7691,material,,,,both-empty
product-nwl7691,NWL7691,style,Contemporary/Post-War Design,Contemporary/Post-War Design,Contemporary/Post-War Design,unchanged-same
product-nwl7691,NWL7691,period,,,,both-empty
product-nwl7691,NWL7691,availability,Available Qty: 1,Available Qty: 1,Available Qty: 1,unchanged-same
product-dua0035,DUA0035,title,American Mid-Century Wild Asian Teak Tree Root Sculpture,American Mid-Century Wild Asian Teak Tree Root Sculpture,American Mid-Century Wild Asian Teak Tree Root Sculpture,unchanged-same
product-dua0035,DUA0035,description,American Mid-Century Wild Asian Teak Tree Root Sculpture supported bu 2 iron rods on a root base.,American Mid-Century Wild Asian Teak Tree Root Sculpture supported bu 2 iron rods on a root base.,American Mid-Century Wild Asian Teak Tree Root Sculpture supported bu 2 iron rods on a root base.,unchanged-same
product-dua0035,DUA0035,dimensions,,,,both-empty
product-dua0035,DUA0035,price,"$6,500","$6,500","$6,500",unchanged-same
product-dua0035,DUA0035,material,,Wood,Wood,filled-from-archive
product-dua0035,DUA0035,style,Mid-Century,Mid-Century,Mid-Century,unchanged-same
product-dua0035,DUA0035,period,,,,both-empty
product-dua0035,DUA0035,availability,Available Qty: 1,Available Qty: 1,Available Qty: 1,unchanged-same
product-nwl8701,NWL8701,title,Kar Studio Contemporary Amorphous Fiberglass Armchairs,Kar Studio Contemporary Amorphous Fiberglass Armchairs,Kar Studio Contemporary Amorphous Fiberglass Armchairs,unchanged-same
product-nwl8701,NWL8701,description,"2 Contemporary amorphous fiberglass \\""Knead\\"" armchairs with cushioned seats and seatbacks (PRICED EACH)(KAR STUDIO)

This piece is represented by PHILIA and offered in partnership with Reynolds Antique House..","2 Contemporary amorphous fiberglass \\""Knead\\"" armchairs with cushioned seats and seatbacks (PRICED EACH)(KAR STUDIO)

This piece is represented by PHILIA and offered in partnership with NEWEL..","2 Contemporary amorphous fiberglass \\""Knead\\"" armchairs with cushioned seats and seatbacks (PRICED EACH)(KAR STUDIO)

This piece is represented by PHILIA and offered in partnership with Reynolds Antique House..",kept-existing
product-nwl8701,NWL8701,dimensions,,,,both-empty
product-nwl8701,NWL8701,price,"$7,500","$7,500","$7,500",unchanged-same
product-nwl8701,NWL8701,material,,Fiberglass,Fiberglass,filled-from-archive
product-nwl8701,NWL8701,style,Contemporary/Post-War Design,Contemporary/Post-War Design,Contemporary/Post-War Design,unchanged-same
product-nwl8701,NWL8701,period,,,,both-empty
product-nwl8701,NWL8701,availability,Available Qty: 2,Available Qty: 2,Available Qty: 2,unchanged-same
product-nwl8706,NWL8706,title,Kar Studio Chinese Contemporary Beige Fiberglass Tooth Stool,Kar Studio Chinese Contemporary Beige Fiberglass Tooth Stool,Kar Studio Chinese Contemporary Beige Fiberglass Tooth Stool,unchanged-same
product-nwl8706,NWL8706,description,"Contemporary \\""Tooth\\"" stool in a beige fiberglass molded form that resembles a leveled molar tooth (KAR STUDIO)

This piece is represented by PHILIA and offered in partnership with Reynolds Antique House..","Contemporary \\""Tooth\\"" stool in a beige fiberglass molded form that resembles a leveled molar tooth (KAR STUDIO)

This piece is represented by PHILIA and offered in partnership with NEWEL..","Contemporary \\""Tooth\\"" stool in a beige fiberglass molded form that resembles a leveled molar tooth (KAR STUDIO)

This piece is represented by PHILIA and offered in partnership with Reynolds Antique House..",kept-existing
product-nwl8706,NWL8706,dimensions,,,,both-empty
product-nwl8706,NWL8706,price,"$2,400","$2,400","$2,400",unchanged-same
product-nwl8706,NWL8706,material,,Fiberglass,Fiberglass,filled-from-archive
product-nwl8706,NWL8706,style,Contemporary/Post-War Design,Contemporary/Post-War Design,Contemporary/Post-War Design,unchanged-same
product-nwl8706,NWL8706,period,,,,both-empty
product-nwl8706,NWL8706,availability,Available Qty: 1,Available Qty: 1,Available Qty: 1,unchanged-same
product-nwl8705,NWL8705,title,Kar Studio Chinese Contemporary Brown Fiberglass Low Stool,Kar Studio Chinese Contemporary Brown Fiberglass Low Stool,Kar Studio Chinese Contemporary Brown Fiberglass Low Stool,unchanged-same
product-nwl8705,NWL8705,description,"Contemporary coffee brown \\""S\\"" shaped fiberglass molded stool (KAR STUDIO)

This piece is represented by PHILIA and offered in partnership with Reynolds Antique House..","Contemporary coffee brown \\""S\\"" shaped fiberglass molded stool (KAR STUDIO)

This piece is represented by PHILIA and offered in partnership with NEWEL..","Contemporary coffee brown \\""S\\"" shaped fiberglass molded stool (KAR STUDIO)

This piece is represented by PHILIA and offered in partnership with Reynolds Antique House..",kept-existing
product-nwl8705,NWL8705,dimensions,,,,both-empty
product-nwl8705,NWL8705,price,"$2,200","$2,200","$2,200",unchanged-same
product-nwl8705,NWL8705,material,,Fiberglass,Fiberglass,filled-from-archive
product-nwl8705,NWL8705,style,Contemporary/Post-War Design,Contemporary/Post-War Design,Contemporary/Post-War Design,unchanged-same
product-nwl8705,NWL8705,period,,,,both-empty
product-nwl8705,NWL8705,availability,Available Qty: 1,Available Qty: 1,Available Qty: 1,unchanged-same
product-064334,064334,title,English Victorian Chesterfield Style Black Tufted Sofa,English Victorian Chesterfield Style Black Tufted Sofa,English Victorian Chesterfield Style Black Tufted Sofa,unchanged-same
product-064334,064334,description,English Victorian Chesterfield Style Oxblood Tufted Sofa.,English Victorian Chesterfield Style Oxblood Tufted Sofa.,English Victorian Chesterfield Style Oxblood Tufted Sofa.,unchanged-same
product-064334,064334,dimensions,,,,both-empty
product-064334,064334,price,"$4,500","$4,500","$4,500",unchanged-same
product-064334,064334,material,,,,both-empty
product-064334,064334,style,English,English,English,unchanged-same
product-064334,064334,period,,,,both-empty
product-064334,064334,availability,Available Qty: 1,Available Qty: 1,Available Qty: 1,unchanged-same
product-reg5156,REG5156,title,French Louis XV Giltwood Mirror,French Louis XV Giltwood Mirror,French Louis XV Giltwood Mirror,unchanged-same
product-reg5156,REG5156,description,French Louis XV style (late19th Century) rectangular ornately carved mirror frame.,French Louis XV style (late19th Century) rectangular ornately carved mirror frame.,French Louis XV style (late19th Century) rectangular ornately carved mirror frame.,unchanged-same
product-reg5156,REG5156,dimensions,,,,both-empty
product-reg5156,REG5156,price,"$4,500","$4,500","$4,500",unchanged-same
product-reg5156,REG5156,material,,Gilded,Gilded,filled-from-archive
product-reg5156,REG5156,style,French,French,French,unchanged-same
product-reg5156,REG5156,period,,,,both-empty
product-reg5156,REG5156,availability,Available Qty: 1,Available Qty: 1,Available Qty: 1,unchanged-same
product-grs6314,GRS6314,title,Papua New Guinean Carved Wood and Cowrie Shell Mask / Figure,Papua New Guinean Carved Wood and Cowrie Shell Mask / Figure,Papua New Guinean Carved Wood and Cowrie Shell Mask / Figure,unchanged-same
product-grs6314,GRS6314,description,Possibly Papua New Guinean carved mask / figure of a face with cowrie shell eyes and tall triangular notch carved head piece..,Possibly Papua New Guinean carved mask / figure of a face with cowrie shell eyes and tall triangular notch carved head piece..,Possibly Papua New Guinean carved mask / figure of a face with cowrie shell eyes and tall triangular notch carved head piece..,unchanged-same
product-grs6314,GRS6314,dimensions,,,,both-empty
product-grs6314,GRS6314,price,"$1,200","$1,200","$1,200",unchanged-same
product-grs6314,GRS6314,material,,"Carved, coral / shell, wood","Carved, coral / shell, wood",filled-from-archive
product-grs6314,GRS6314,style,Asian,Asian,Asian,unchanged-same
product-grs6314,GRS6314,period,,,,both-empty
product-grs6314,GRS6314,availability,Available Qty: 1,Available Qty: 1,Available Qty: 1,unchanged-same
product-mod2083,MOD2083,title,"""The Wait"" Limited Edition Bronze Brutalist Contemporary Figural Sculpture","""The Wait"" Limited Edition Bronze Brutalist Contemporary Figural Sculpture","""The Wait"" Limited Edition Bronze Brutalist Contemporary Figural Sculpture",unchanged-same
product-mod2083,MOD2083,description,"Contemporary hand-forged bronze Brutalist-inspired figural sculpture in an idle standing pose finished in an ebonized patina (PRICED EACH). (""THE WAIT"" - Limited Edition of 10).","Contemporary hand-forged bronze Brutalist-inspired figural sculpture in an idle standing pose finished in an ebonized patina (PRICED EACH). (""THE WAIT"" - Limited Edition of 10).","Contemporary hand-forged bronze Brutalist-inspired figural sculpture in an idle standing pose finished in an ebonized patina (PRICED EACH). (""THE WAIT"" - Limited Edition of 10).",unchanged-same
product-mod2083,MOD2083,dimensions,,,,both-empty
product-mod2083,MOD2083,price,$360,$360,$360,unchanged-same
product-mod2083,MOD2083,material,,"Bronze, metal","Bronze, metal",filled-from-archive
product-mod2083,MOD2083,style,Contemporary/Post-War Design,Contemporary/Post-War Design,Contemporary/Post-War Design,unchanged-same
product-mod2083,MOD2083,period,,,,both-empty
product-mod2083,MOD2083,availability,Available Qty: 8,Available Qty: 8,Available Qty: 8,unchanged-same
product-064102,064102,title,American Contemporary Art Glass Tropical Fish,American Contemporary Art Glass Tropical Fish,American Contemporary Art Glass Tropical Fish,unchanged-same
product-064102,064102,description,"Contemporary decorative art glass figure of a tropical angel fish in clear, orange and white (PartyLite).","Contemporary decorative art glass figure of a tropical angel fish in clear, orange and white (PartyLite).","Contemporary decorative art glass figure of a tropical angel fish in clear, orange and white (PartyLite).",unchanged-same
product-064102,064102,dimensions,,,,both-empty
product-064102,064102,price,$65,$65,$65,unchanged-same
product-064102,064102,material,,Glass,Glass,filled-from-archive
product-064102,064102,style,Contemporary/Post-War Design,Contemporary/Post-War Design,Contemporary/Post-War Design,unchanged-same
product-064102,064102,period,,,,both-empty
product-064102,064102,availability,Available Qty: 1,Available Qty: 1,Available Qty: 1,unchanged-same
product-028014,028014,title,American Windsor style hoop back armchair,American Windsor style hoop back armchair,American Windsor style hoop back armchair,unchanged-same
product-028014,028014,description,American Windsor style (19th Century) dark stained faux bamboo hoop shaped spindle back armchair ending with a scroll design front and having a shaped seat over a box stretcher.,American Windsor style (19th Century) dark stained faux bamboo hoop shaped spindle back armchair ending with a scroll design front and having a shaped seat over a box stretcher.,American Windsor style (19th Century) dark stained faux bamboo hoop shaped spindle back armchair ending with a scroll design front and having a shaped seat over a box stretcher.,unchanged-same
product-028014,028014,dimensions,,,,both-empty
product-028014,028014,price,"$1,850","$1,850","$1,850",unchanged-same
product-028014,028014,material,,,,both-empty
product-028014,028014,style,American,American,American,unchanged-same
product-028014,028014,period,,,,both-empty
product-028014,028014,availability,Available Qty: 1,Available Qty: 1,Available Qty: 1,unchanged-same
product-nwl8751,NWL8751,title,Kar Studio Chinese Contemporary Brownish Fiberglass Arch Bench,Kar Studio Chinese Contemporary Brownish Fiberglass Arch Bench,Kar Studio Chinese Contemporary Brownish Fiberglass Arch Bench,unchanged-same
product-nwl8751,NWL8751,description,"Contemporary brownish bench with biomorphically shaped arch elongated into a bench  (KAR STUDIO)

This piece is represented by PHILIA and offered in partnership with Reynolds Antique House..","Contemporary brownish bench with biomorphically shaped arch elongated into a bench  (KAR STUDIO)

This piece is represented by PHILIA and offered in partnership with NEWEL..","Contemporary brownish bench with biomorphically shaped arch elongated into a bench  (KAR STUDIO)

This piece is represented by PHILIA and offered in partnership with Reynolds Antique House..",kept-existing
product-nwl8751,NWL8751,dimensions,,,,both-empty
product-nwl8751,NWL8751,price,"$4,800","$4,800","$4,800",unchanged-same
product-nwl8751,NWL8751,material,,Fiberglass,Fiberglass,filled-from-archive
product-nwl8751,NWL8751,style,Contemporary/Post-War Design,Contemporary/Post-War Design,Contemporary/Post-War Design,unchanged-same
product-nwl8751,NWL8751,period,,,,both-empty
product-nwl8751,NWL8751,availability,Available Qty: 1,Available Qty: 1,Available Qty: 1,unchanged-same
product-020801,020801,title,Dutch Carved Wooden Eagle Figure,Dutch Carved Wooden Eagle Figure,Dutch Carved Wooden Eagle Figure,unchanged-same
product-020801,020801,description,Dutch life size stripped carved wood eagle figure with open mouth on square base (19th Cent).,Dutch life size stripped carved wood eagle figure with open mouth on square base (19th Cent).,Dutch life size stripped carved wood eagle figure with open mouth on square base (19th Cent).,unchanged-same
product-020801,020801,dimensions,,,,both-empty
product-020801,020801,price,"$6,700","$6,700","$6,700",unchanged-same
product-020801,020801,material,,"Wood, stripped, carved","Wood, stripped, carved",filled-from-archive
product-020801,020801,style,Continental,Continental,Continental,unchanged-same
product-020801,020801,period,,,,both-empty
product-020801,020801,availability,Available Qty: 1,Available Qty: 1,Available Qty: 1,unchanged-same
product-mto062876,MTO062876,title,Customizable French Art Deco Style Custom Wooden Upholstered Bench (Made to Order),Customizable French Art Deco Style Custom Wooden Upholstered Bench (Made to Order),Customizable French Art Deco Style Custom Wooden Upholstered Bench (Made to Order),unchanged-same
product-mto062876,MTO062876,description,CUSTOMIZED-MADE TO ORDER - French Art Deco style wood bench with flared side arms and blue geometric design upholstered seat with a slight arch design stretcher (pictured with accented maple & sycamore wood)(MADE TO ORDER-CUSTOM SIZE AND COLOR AVAILABLE) (Reynolds Antique House MODERN COLLECTION). Please inquire for pricing. This item can also be purchased as pictured (See Inv# 062876).,CUSTOMIZED-MADE TO ORDER - French Art Deco style wood bench with flared side arms and blue geometric design upholstered seat with a slight arch design stretcher (pictured with accented maple & sycamore wood)(MADE TO ORDER-CUSTOM SIZE AND COLOR AVAILABLE) (NEWEL MODERN COLLECTION). Please inquire for pricing. This item can also be purchased as pictured (See Inv# 062876).,CUSTOMIZED-MADE TO ORDER - French Art Deco style wood bench with flared side arms and blue geometric design upholstered seat with a slight arch design stretcher (pictured with accented maple & sycamore wood)(MADE TO ORDER-CUSTOM SIZE AND COLOR AVAILABLE) (Reynolds Antique House MODERN COLLECTION). Please inquire for pricing. This item can also be purchased as pictured (See Inv# 062876).,kept-existing
product-mto062876,MTO062876,dimensions,(standard shown — adjust as needed),(standard shown — adjust as needed),(standard shown — adjust as needed),unchanged-same
product-mto062876,MTO062876,price,,,,both-empty
product-mto062876,MTO062876,material,,"Arch, maple, sycamore, upholstered, wood","Arch, maple, sycamore, upholstered, wood",filled-from-archive
product-mto062876,MTO062876,style,Art Deco,Art Deco,Art Deco,unchanged-same
product-mto062876,MTO062876,period,,,,both-empty
product-mto062876,MTO062876,availability,,,,both-empty
product-016160d,016160D,title,Italian Renaissance Religious Scholar Figure,Italian Renaissance Religious Scholar Figure,Italian Renaissance Religious Scholar Figure,unchanged-same
product-016160d,016160D,description,Italian Renaissance painted pine life size figure of religious scholar holding book (17/18th Cent).,Italian Renaissance painted pine life size figure of religious scholar holding book (17/18th Cent).,Italian Renaissance painted pine life size figure of religious scholar holding book (17/18th Cent).,unchanged-same
product-016160d,016160D,dimensions,,,,both-empty
product-016160d,016160D,price,"$28,000","$28,000","$28,000",unchanged-same
product-016160d,016160D,material,,"Painted, pine","Painted, pine",filled-from-archive
product-016160d,016160D,style,English,English,English,unchanged-same
product-016160d,016160D,period,,,,both-empty
product-016160d,016160D,availability,Available Qty: 1,Available Qty: 1,Available Qty: 1,unchanged-same
product-039400,039400,title,Pair of Italian Renaissance Walnut Musician Figures,Pair of Italian Renaissance Walnut Musician Figures,Pair of Italian Renaissance Walnut Musician Figures,unchanged-same
product-039400,039400,description,PAIR of Italian Renaissance style (17/18th Century) walnut and gilt trimmed large crouching figures with musical instruments on pedestal bases (PRICED AS PAIR).,PAIR of Italian Renaissance style (17/18th Century) walnut and gilt trimmed large crouching figures with musical instruments on pedestal bases (PRICED AS PAIR).,PAIR of Italian Renaissance style (17/18th Century) walnut and gilt trimmed large crouching figures with musical instruments on pedestal bases (PRICED AS PAIR).,unchanged-same
product-039400,039400,dimensions,,,,both-empty
product-039400,039400,price,"$37,500","$37,500","$37,500",unchanged-same
product-039400,039400,material,,"Wood, walnut","Wood, walnut",filled-from-archive
product-039400,039400,style,Italian,Italian,Italian,unchanged-same
product-039400,039400,period,,,,both-empty
product-039400,039400,availability,Available Qty: 1,Available Qty: 1,Available Qty: 1,unchanged-same
product-032115,032115,title,Japanese Bronze Buddhist Turtle and Heron Figurine,Japanese Bronze Buddhist Turtle and Heron Figurine,Japanese Bronze Buddhist Turtle and Heron Figurine,unchanged-same
product-032115,032115,description,Japanese bronze (19th Century) figure of a mythological turtle having a heron perched on the back.,Japanese bronze (19th Century) figure of a mythological turtle having a heron perched on the back.,Japanese bronze (19th Century) figure of a mythological turtle having a heron perched on the back.,unchanged-same
product-032115,032115,dimensions,,,,both-empty
product-032115,032115,price,"$1,200","$1,200","$1,200",unchanged-same
product-032115,032115,material,,Bronze,Bronze,filled-from-archive
product-032115,032115,style,Asian,Asian,Asian,unchanged-same
product-032115,032115,period,,,,both-empty
product-032115,032115,availability,Available Qty: 1,Available Qty: 1,Available Qty: 1,unchanged-same
product-064338,064338,title,Knoll American Contemporary Barcelona Black Leather Sofa,Knoll American Contemporary Barcelona Black Leather Sofa,Knoll American Contemporary Barcelona Black Leather Sofa,unchanged-same
product-064338,064338,description,"Knoll American Contemporary Barcelona Black Leather tufted armless sofa resting on 3 ""X"" form chrome legs.","Knoll American Contemporary Barcelona Black Leather tufted armless sofa resting on 3 ""X"" form chrome legs.","Knoll American Contemporary Barcelona Black Leather tufted armless sofa resting on 3 ""X"" form chrome legs.",unchanged-same
product-064338,064338,dimensions,,,,both-empty
product-064338,064338,price,"$5,500","$5,500","$5,500",unchanged-same
product-064338,064338,material,,,,both-empty
product-064338,064338,style,Contemporary/Post-War Design,Contemporary/Post-War Design,Contemporary/Post-War Design,unchanged-same
product-064338,064338,period,,,,both-empty
product-064338,064338,availability,Available Qty: 1,Available Qty: 1,Available Qty: 1,unchanged-same
product-034018a,034018A,title,Pair of Renaissance Polychromed Winged Figures,Pair of Renaissance Polychromed Winged Figures,Pair of Renaissance Polychromed Winged Figures,unchanged-same
product-034018a,034018A,description,PAIR of Italian Renaissance style (19th Cent) polychromed life size kneeling angels with gilt wings (similar matching pair without wings #034018).,PAIR of Italian Renaissance style (19th Cent) polychromed life size kneeling angels with gilt wings (similar matching pair without wings #034018).,PAIR of Italian Renaissance style (19th Cent) polychromed life size kneeling angels with gilt wings (similar matching pair without wings #034018).,unchanged-same
product-034018a,034018A,dimensions,,,,both-empty
product-034018a,034018A,price,"$21,000","$21,000","$21,000",unchanged-same
product-034018a,034018A,material,,,,both-empty
product-034018a,034018A,style,Italian,Italian,Italian,unchanged-same
product-034018a,034018A,period,,,,both-empty
product-034018a,034018A,availability,Available Qty: 1,Available Qty: 1,Available Qty: 1,unchanged-same
product-054113,054113,title,Scotsman Carousel Style Painted Kilt Figure,Scotsman Carousel Style Painted Kilt Figure,Scotsman Carousel Style Painted Kilt Figure,unchanged-same
product-054113,054113,description,Scotsman (Highlander) Carousel style large carved and painted  figure wearing kilt with plume hat standing on round pedestal base (19th Cent).,Scotsman (Highlander) Carousel style large carved and painted  figure wearing kilt with plume hat standing on round pedestal base (19th Cent).,Scotsman (Highlander) Carousel style large carved and painted  figure wearing kilt with plume hat standing on round pedestal base (19th Cent).,unchanged-same
product-054113,054113,dimensions,,,,both-empty
product-054113,054113,price,"$24,000","$24,000","$24,000",unchanged-same
product-054113,054113,material,,"Carved, painted","Carved, painted",filled-from-archive
product-054113,054113,style,English,English,English,unchanged-same
product-054113,054113,period,,,,both-empty
product-054113,054113,availability,Available Qty: 1,Available Qty: 1,Available Qty: 1,unchanged-same
product-040081a,040081A,title,English Sheraton Style Satinwood Cheval Mirror,English Sheraton Style Satinwood Cheval Mirror,English Sheraton Style Satinwood Cheval Mirror,unchanged-same
product-040081a,040081A,description,English Sheraton-style (19th Century) satinwood cheval mirror with floral decoration and urn top finials..,English Sheraton-style (19th Century) satinwood cheval mirror with floral decoration and urn top finials..,English Sheraton-style (19th Century) satinwood cheval mirror with floral decoration and urn top finials..,unchanged-same
product-040081a,040081A,dimensions,,,,both-empty
product-040081a,040081A,price,"$21,000","$21,000","$21,000",unchanged-same
product-040081a,040081A,material,,"Wood, satinwood","Wood, satinwood",filled-from-archive
product-040081a,040081A,style,English,English,English,unchanged-same
product-040081a,040081A,period,,,,both-empty
product-040081a,040081A,availability,Available Qty: 1,Available Qty: 1,Available Qty: 1,unchanged-same
product-mod2087,MOD2087,title,"""The Preacher"" Limited Edition Bronze Brutalist Contemporary Figural Sculpture","""The Preacher"" Limited Edition Bronze Brutalist Contemporary Figural Sculpture","""The Preacher"" Limited Edition Bronze Brutalist Contemporary Figural Sculpture",unchanged-same
product-mod2087,MOD2087,description,"Contemporary hand-forged bronze Brutalist-inspired figural sculpture depicting a preacher finished in an ebonized patina (PRICED EACH). (""THE PREACHER"" - Limited Edition of 10).","Contemporary hand-forged bronze Brutalist-inspired figural sculpture depicting a preacher finished in an ebonized patina (PRICED EACH). (""THE PREACHER"" - Limited Edition of 10).","Contemporary hand-forged bronze Brutalist-inspired figural sculpture depicting a preacher finished in an ebonized patina (PRICED EACH). (""THE PREACHER"" - Limited Edition of 10).",unchanged-same
product-mod2087,MOD2087,dimensions,,,,both-empty
product-mod2087,MOD2087,price,$360,$360,$360,unchanged-same
product-mod2087,MOD2087,material,,"Bronze, carved, metal","Bronze, carved, metal",filled-from-archive
product-mod2087,MOD2087,style,Contemporary/Post-War Design,Contemporary/Post-War Design,Contemporary/Post-War Design,unchanged-same
product-mod2087,MOD2087,period,,,,both-empty
product-mod2087,MOD2087,availability,Available Qty: 8,Available Qty: 8,Available Qty: 8,unchanged-same
product-mod2082,MOD2082,title,"""The Seer"" Limited Edition Bronze Brutalist Contemporary Figural Sculpture","""The Seer"" Limited Edition Bronze Brutalist Contemporary Figural Sculpture","""The Seer"" Limited Edition Bronze Brutalist Contemporary Figural Sculpture",unchanged-same
product-mod2082,MOD2082,description,"Contemporary hand-forged bronze Brutalist-inspired figural sculpture depicting a wise person gazing into the future finished in an ebonized patina (PRICED EACH). (""THE SEER"" - Limited Edition of 10).","Contemporary hand-forged bronze Brutalist-inspired figural sculpture depicting a wise person gazing into the future finished in an ebonized patina (PRICED EACH). (""THE SEER"" - Limited Edition of 10).","Contemporary hand-forged bronze Brutalist-inspired figural sculpture depicting a wise person gazing into the future finished in an ebonized patina (PRICED EACH). (""THE SEER"" - Limited Edition of 10).",unchanged-same
product-mod2082,MOD2082,dimensions,,,,both-empty
product-mod2082,MOD2082,price,$360,$360,$360,unchanged-same
product-mod2082,MOD2082,material,,"Bronze, metal","Bronze, metal",filled-from-archive
product-mod2082,MOD2082,style,Contemporary/Post-War Design,Contemporary/Post-War Design,Contemporary/Post-War Design,unchanged-same
product-mod2082,MOD2082,period,,,,both-empty
product-mod2082,MOD2082,availability,,,,both-empty
product-reg4850,REG4850,title,Mid-Century (possibly Swedish) mahogany side chair,Mid-Century (possibly Swedish) mahogany side chair,Mid-Century (possibly Swedish) mahogany side chair,unchanged-same
product-reg4850,REG4850,description,"Mid-Century (possibly Swedish) mahogany side chair with shaped square back having 6 evenly spaced vertical spindle supports, tapered seat upholstered in dark blue fabric standing on 4 splayed legs (matching pair-REG4850).","Mid-Century (possibly Swedish) mahogany side chair with shaped square back having 6 evenly spaced vertical spindle supports, tapered seat upholstered in dark blue fabric standing on 4 splayed legs (matching pair-REG4850).","Mid-Century (possibly Swedish) mahogany side chair with shaped square back having 6 evenly spaced vertical spindle supports, tapered seat upholstered in dark blue fabric standing on 4 splayed legs (matching pair-REG4850).",unchanged-same
product-reg4850,REG4850,dimensions,,,,both-empty
product-reg4850,REG4850,price,"$2,400","$2,400","$2,400",unchanged-same
product-reg4850,REG4850,material,,,,both-empty
product-reg4850,REG4850,style,Mid-Century,Mid-Century,Mid-Century,unchanged-same
product-reg4850,REG4850,period,,,,both-empty
product-reg4850,REG4850,availability,Available Qty: 1,Available Qty: 1,Available Qty: 1,unchanged-same
product-064288b,064288B,title,American Mid-Century Yellow Fabric Upholstered Lounge Chairs,American Mid-Century Yellow Fabric Upholstered Lounge Chairs,American Mid-Century Yellow Fabric Upholstered Lounge Chairs,unchanged-same
product-064288b,064288B,description,"American Mid-Century square back yellow fabric upholstered a\rmchairs with piping on the edges with a seat cushion, ending on tapered and splayed wooden legs. (RETROWOOD FURNITURE) (5 side chairs 064288C; 2 sofas 064288A)(PRICED EACH).","American Mid-Century square back yellow fabric upholstered a\rmchairs with piping on the edges with a seat cushion, ending on tapered and splayed wooden legs. (RETROWOOD FURNITURE) (5 side chairs 064288C; 2 sofas 064288A)(PRICED EACH).","American Mid-Century square back yellow fabric upholstered a\rmchairs with piping on the edges with a seat cushion, ending on tapered and splayed wooden legs. (RETROWOOD FURNITURE) (5 side chairs 064288C; 2 sofas 064288A)(PRICED EACH).",unchanged-same
product-064288b,064288B,dimensions,,,,both-empty
product-064288b,064288B,price,"$1,250","$1,250","$1,250",unchanged-same
product-064288b,064288B,material,,Wood,Wood,filled-from-archive
product-064288b,064288B,style,Mid-Century,Mid-Century,Mid-Century,unchanged-same
product-064288b,064288B,period,,,,both-empty
product-064288b,064288B,availability,Available Qty: 1,Available Qty: 1,Available Qty: 1,unchanged-same
product-063931,063931,title,American Mid-Century Brown Channel Tufted Leather Bench,American Mid-Century Brown Channel Tufted Leather Bench,American Mid-Century Brown Channel Tufted Leather Bench,unchanged-same
product-063931,063931,description,American Mid-Century bench with brown channeled leather seat resting on 2 squared chrome legs.,American Mid-Century bench with brown channeled leather seat resting on 2 squared chrome legs.,American Mid-Century bench with brown channeled leather seat resting on 2 squared chrome legs.,unchanged-same
product-063931,063931,dimensions,,,,both-empty
product-063931,063931,price,"$1,450","$1,450","$1,450",unchanged-same
product-063931,063931,material,,"Chrome, leather","Chrome, leather",filled-from-archive
product-063931,063931,style,Mid-Century,Mid-Century,Mid-Century,unchanged-same
product-063931,063931,period,,,,both-empty
product-063931,063931,availability,Available Qty: 1,Available Qty: 1,Available Qty: 1,unchanged-same
product-064288c,064288C,title,American Mid-Century Yellow Fabric Upholstered Lounge Chairs,American Mid-Century Yellow Fabric Upholstered Lounge Chairs,American Mid-Century Yellow Fabric Upholstered Lounge Chairs,unchanged-same
product-064288c,064288C,description,"5 American Mid-Century square back yellow fabric upholstered lounge / side chairs with piping on the edges ending on tapered and splayed wooden legs. (matching: arm 064288B, 2 sofas 064288A)(PRICED EACH) (RETROWOOD FURNITURE).","5 American Mid-Century square back yellow fabric upholstered lounge / side chairs with piping on the edges ending on tapered and splayed wooden legs. (matching: arm 064288B, 2 sofas 064288A)(PRICED EACH) (RETROWOOD FURNITURE).","5 American Mid-Century square back yellow fabric upholstered lounge / side chairs with piping on the edges ending on tapered and splayed wooden legs. (matching: arm 064288B, 2 sofas 064288A)(PRICED EACH) (RETROWOOD FURNITURE).",unchanged-same
product-064288c,064288C,dimensions,,,,both-empty
product-064288c,064288C,price,$900,$900,$900,unchanged-same
product-064288c,064288C,material,,Wood,Wood,filled-from-archive
product-064288c,064288C,style,Mid-Century,Mid-Century,Mid-Century,unchanged-same
product-064288c,064288C,period,,,,both-empty
product-064288c,064288C,availability,Available Qty: 5,Available Qty: 5,Available Qty: 5,unchanged-same
product-nwl8704,NWL8704,title,Kar Studio Chinese Contemporary Beige Fiberglass Low Stools,Kar Studio Chinese Contemporary Beige Fiberglass Low Stools,Kar Studio Chinese Contemporary Beige Fiberglass Low Stools,unchanged-same
product-nwl8704,NWL8704,description,"SET of 3 Contemporary off-white \\""S\\"" shaped fiberglass molded stools (KAR STUDIO) (PRICED AS SET / AVAILABLE INDIVIDUALLY)

This piece is represented by PHILIA and offered in partnership with Reynolds Antique House..","SET of 3 Contemporary off-white \\""S\\"" shaped fiberglass molded stools (KAR STUDIO) (PRICED AS SET / AVAILABLE INDIVIDUALLY)

This piece is represented by PHILIA and offered in partnership with NEWEL..","SET of 3 Contemporary off-white \\""S\\"" shaped fiberglass molded stools (KAR STUDIO) (PRICED AS SET / AVAILABLE INDIVIDUALLY)

This piece is represented by PHILIA and offered in partnership with Reynolds Antique House..",kept-existing
product-nwl8704,NWL8704,dimensions,,,,both-empty
product-nwl8704,NWL8704,price,"$6,600","$6,600","$6,600",unchanged-same
product-nwl8704,NWL8704,material,,Fiberglass,Fiberglass,filled-from-archive
product-nwl8704,NWL8704,style,Contemporary/Post-War Design,Contemporary/Post-War Design,Contemporary/Post-War Design,unchanged-same
product-nwl8704,NWL8704,period,,,,both-empty
product-nwl8704,NWL8704,availability,Available Qty: 1,Available Qty: 1,Available Qty: 1,unchanged-same
product-064097b,064097B,title,Contemporary Reproduction of Egyptian Scarab Figure on Base,Contemporary Reproduction of Egyptian Scarab Figure on Base,Contemporary Reproduction of Egyptian Scarab Figure on Base,unchanged-same
product-064097b,064097B,description,Contemporary Reproduction of Egyptian Scarab Figure on base (similar figure: 064097A).,Contemporary Reproduction of Egyptian Scarab Figure on base (similar figure: 064097A).,Contemporary Reproduction of Egyptian Scarab Figure on base (similar figure: 064097A).,unchanged-same
product-064097b,064097B,dimensions,,,,both-empty
product-064097b,064097B,price,$120,$120,$120,unchanged-same
product-064097b,064097B,material,,Plastic,Plastic,filled-from-archive
product-064097b,064097B,style,Middle Eastern,Middle Eastern,Middle Eastern,unchanged-same
product-064097b,064097B,period,,,,both-empty
product-064097b,064097B,availability,Available Qty: 1,Available Qty: 1,Available Qty: 1,unchanged-same
product-mod2084,MOD2084,title,"""Grendel"" Limited Edition Bronze Brutalist Contemporary Figural Sculpture","""Grendel"" Limited Edition Bronze Brutalist Contemporary Figural Sculpture","""Grendel"" Limited Edition Bronze Brutalist Contemporary Figural Sculpture",unchanged-same
product-mod2084,MOD2084,description,"Contemporary hand-forged bronze Brutalist-inspired figural sculpture finished in an ebonized patina depicting a human head carved into a large animal\\&#039;s tooth (PRICED EACH). (""GRENDEL"" - Limited Edition of 10).","Contemporary hand-forged bronze Brutalist-inspired figural sculpture finished in an ebonized patina depicting a human head carved into a large animal\\&#039;s tooth (PRICED EACH). (""GRENDEL"" - Limited Edition of 10).","Contemporary hand-forged bronze Brutalist-inspired figural sculpture finished in an ebonized patina depicting a human head carved into a large animal\\&#039;s tooth (PRICED EACH). (""GRENDEL"" - Limited Edition of 10).",unchanged-same
product-mod2084,MOD2084,dimensions,,,,both-empty
product-mod2084,MOD2084,price,$360,$360,$360,unchanged-same
product-mod2084,MOD2084,material,,"Bronze, metal","Bronze, metal",filled-from-archive
product-mod2084,MOD2084,style,Contemporary/Post-War Design,Contemporary/Post-War Design,Contemporary/Post-War Design,unchanged-same
product-mod2084,MOD2084,period,,,,both-empty
product-mod2084,MOD2084,availability,Available Qty: 8,Available Qty: 8,Available Qty: 8,unchanged-same
product-mod2085,MOD2085,title,"""Mallard"" Limited Edition Bronze Brutalist Contemporary Abstract Sculpture","""Mallard"" Limited Edition Bronze Brutalist Contemporary Abstract Sculpture","""Mallard"" Limited Edition Bronze Brutalist Contemporary Abstract Sculpture",unchanged-same
product-mod2085,MOD2085,description,"Contemporary hand-forged bronze claw-like abstract sculpture  finished in an ebonized patina (PRICED EACH). (""MALLARD"" - Limited Edition of 10).","Contemporary hand-forged bronze claw-like abstract sculpture  finished in an ebonized patina (PRICED EACH). (""MALLARD"" - Limited Edition of 10).","Contemporary hand-forged bronze claw-like abstract sculpture  finished in an ebonized patina (PRICED EACH). (""MALLARD"" - Limited Edition of 10).",unchanged-same
product-mod2085,MOD2085,dimensions,,,,both-empty
product-mod2085,MOD2085,price,$360,$360,$360,unchanged-same
product-mod2085,MOD2085,material,,"Bronze, metal","Bronze, metal",filled-from-archive
product-mod2085,MOD2085,style,Contemporary/Post-War Design,Contemporary/Post-War Design,Contemporary/Post-War Design,unchanged-same
product-mod2085,MOD2085,period,,,,both-empty
product-mod2085,MOD2085,availability,Available Qty: 7,Available Qty: 7,Available Qty: 7,unchanged-same
product-mod2108g,MOD2108G,title,Natural Live Edge Petrified Wood Stump,Natural Live Edge Petrified Wood Stump,Natural Live Edge Petrified Wood Stump,unchanged-same
product-mod2108g,MOD2108G,description,Rustic Style Natural Live Edge Petrified Wood Stump Stool / Garden Seat.,Rustic Style Natural Live Edge Petrified Wood Stump Stool / Garden Seat.,Rustic Style Natural Live Edge Petrified Wood Stump Stool / Garden Seat.,unchanged-same
product-mod2108g,MOD2108G,dimensions,,,,both-empty
product-mod2108g,MOD2108G,price,$945,$945,$945,unchanged-same
product-mod2108g,MOD2108G,material,,,,both-empty
product-mod2108g,MOD2108G,style,"Rustic, American, Contemporary/Post-War Design","Rustic, American, Contemporary/Post-War Design","Rustic, American, Contemporary/Post-War Design",unchanged-same
product-mod2108g,MOD2108G,period,,,,both-empty
product-mod2108g,MOD2108G,availability,Available Qty: 1,Available Qty: 1,Available Qty: 1,unchanged-same
product-nwl7974,NWL7974,title,African Tikar Bronze Stool,African Tikar Bronze Stool,African Tikar Bronze Stool,unchanged-same
product-nwl7974,NWL7974,description,"African Tikar bronze stool from Cameroon with 3 human figurines above 3 masks, holding the seating platform, originally used for ceremonial purposes.","African Tikar bronze stool from Cameroon with 3 human figurines above 3 masks, holding the seating platform, originally used for ceremonial purposes.","African Tikar bronze stool from Cameroon with 3 human figurines above 3 masks, holding the seating platform, originally used for ceremonial purposes.",unchanged-same
product-nwl7974,NWL7974,dimensions,,,,both-empty
product-nwl7974,NWL7974,price,"$4,500","$4,500","$4,500",unchanged-same
product-nwl7974,NWL7974,material,,"Iron, metal","Iron, metal",filled-from-archive
product-nwl7974,NWL7974,style,Misc. Style,Misc. Style,Misc. Style,unchanged-same
product-nwl7974,NWL7974,period,,,,both-empty
product-nwl7974,NWL7974,availability,Available Qty: 1,Available Qty: 1,Available Qty: 1,unchanged-same
product-reg5615,REG5615,title,American Contemporary Circular Metal Sculpture,American Contemporary Circular Metal Sculpture,American Contemporary Circular Metal Sculpture,unchanged-same
product-reg5615,REG5615,description,American Contemporary sculpture featuring 3 metal sheets twisting joined together in a spiral design resting on a. small circular base.,American Contemporary sculpture featuring 3 metal sheets twisting joined together in a spiral design resting on a. small circular base.,American Contemporary sculpture featuring 3 metal sheets twisting joined together in a spiral design resting on a. small circular base.,unchanged-same
product-reg5615,REG5615,dimensions,,,,both-empty
product-reg5615,REG5615,price,"$2,800","$2,800","$2,800",unchanged-same
product-reg5615,REG5615,material,,Metal,Metal,filled-from-archive
product-reg5615,REG5615,style,Contemporary/Post-War Design,Contemporary/Post-War Design,Contemporary/Post-War Design,unchanged-same
product-reg5615,REG5615,period,,,,both-empty
product-reg5615,REG5615,availability,Available Qty: 1,Available Qty: 1,Available Qty: 1,unchanged-same
product-reg4537,REG4537,title,Curtis Jere American Mid-Century Modern Onyx and Brass Sculpture of A Globe,Curtis Jere American Mid-Century Modern Onyx and Brass Sculpture of A Globe,Curtis Jere American Mid-Century Modern Onyx and Brass Sculpture of A Globe,unchanged-same
product-reg4537,REG4537,description,American Mid-Century Modern sculpture of an abstract brass globe mounted on a marble cube (CURTIS JERE).,American Mid-Century Modern sculpture of an abstract brass globe mounted on a marble cube (CURTIS JERE).,American Mid-Century Modern sculpture of an abstract brass globe mounted on a marble cube (CURTIS JERE).,unchanged-same
product-reg4537,REG4537,dimensions,,,,both-empty
product-reg4537,REG4537,price,"$2,850","$2,850","$2,850",unchanged-same
product-reg4537,REG4537,material,,"Brass, marble","Brass, marble",filled-from-archive
product-reg4537,REG4537,style,Mid-Century,Mid-Century,Mid-Century,unchanged-same
product-reg4537,REG4537,period,,,,both-empty
product-reg4537,REG4537,availability,Available Qty: 1,Available Qty: 1,Available Qty: 1,unchanged-same
product-nwl6971,NWL6971,title,Contemporary White Marble Sculpture of Elephant,Contemporary White Marble Sculpture of Elephant,Contemporary White Marble Sculpture of Elephant,unchanged-same
product-nwl6971,NWL6971,description,Contemporary white marble sculpture of a curved elephant..,Contemporary white marble sculpture of a curved elephant..,Contemporary white marble sculpture of a curved elephant..,unchanged-same
product-nwl6971,NWL6971,dimensions,,,,both-empty
product-nwl6971,NWL6971,price,$180,$180,$180,unchanged-same
product-nwl6971,NWL6971,material,,Marble,Marble,filled-from-archive
product-nwl6971,NWL6971,style,Contemporary/Post-War Design,Contemporary/Post-War Design,Contemporary/Post-War Design,unchanged-same
product-nwl6971,NWL6971,period,,,,both-empty
product-nwl6971,NWL6971,availability,Available Qty: 1,Available Qty: 1,Available Qty: 1,unchanged-same
product-028035,028035,title,English Regency black lacquered chinoiserie decorated sdie chair,English Regency black lacquered chinoiserie decorated sdie chair,English Regency black lacquered chinoiserie decorated sdie chair,unchanged-same
product-028035,028035,description,English Regency (19th Century) black lacquered chinoiserie decorated sdie chair with a shaped balloon back.,English Regency (19th Century) black lacquered chinoiserie decorated sdie chair with a shaped balloon back.,English Regency (19th Century) black lacquered chinoiserie decorated sdie chair with a shaped balloon back.,unchanged-same
product-028035,028035,dimensions,,,,both-empty
product-028035,028035,price,"$3,250","$3,250","$3,250",unchanged-same
product-028035,028035,material,,Lacquered,Lacquered,filled-from-archive
product-028035,028035,style,"English, Asian","English, Asian","English, Asian",unchanged-same
product-028035,028035,period,,,,both-empty
product-028035,028035,availability,Available Qty: 1,Available Qty: 1,Available Qty: 1,unchanged-same
product-mod2086,MOD2086,title,"""Luna"" Limited Edition Bronze Brutalist Contemporary Figural Sculpture","""Luna"" Limited Edition Bronze Brutalist Contemporary Figural Sculpture","""Luna"" Limited Edition Bronze Brutalist Contemporary Figural Sculpture",unchanged-same
product-mod2086,MOD2086,description,"Contemporary hand-forged bronze Brutalist-inspired figural sculpture depicting a female carved into a crescent moon shape finished in an ebonized patina (PRICED EACH). (""LUNA"" - Limited Edition of 10).","Contemporary hand-forged bronze Brutalist-inspired figural sculpture depicting a female carved into a crescent moon shape finished in an ebonized patina (PRICED EACH). (""LUNA"" - Limited Edition of 10).","Contemporary hand-forged bronze Brutalist-inspired figural sculpture depicting a female carved into a crescent moon shape finished in an ebonized patina (PRICED EACH). (""LUNA"" - Limited Edition of 10).",unchanged-same
product-mod2086,MOD2086,dimensions,,,,both-empty
product-mod2086,MOD2086,price,$360,$360,$360,unchanged-same
product-mod2086,MOD2086,material,,"Bronze, metal","Bronze, metal",filled-from-archive
product-mod2086,MOD2086,style,Contemporary/Post-War Design,Contemporary/Post-War Design,Contemporary/Post-War Design,unchanged-same
product-mod2086,MOD2086,period,,,,both-empty
product-mod2086,MOD2086,availability,Available Qty: 8,Available Qty: 8,Available Qty: 8,unchanged-same
product-064671,064671,title,"MAC II, Custom upholstered queen headboard","MAC II, Custom upholstered queen headboard","MAC II, Custom upholstered queen headboard",unchanged-same
product-064671,064671,description,"20th c., USA, upholstered  in a Moire Ritz pattern Charles Burger silk, custom designed by MAC II, 54.5""h x 77.5""w x 3.5""d.","20th c., USA, upholstered  in a Moire Ritz pattern Charles Burger silk, custom designed by MAC II, 54.5""h x 77.5""w x 3.5""d.","20th c., USA, upholstered  in a Moire Ritz pattern Charles Burger silk, custom designed by MAC II, 54.5""h x 77.5""w x 3.5""d.",unchanged-same
product-064671,064671,dimensions,,,,both-empty
product-064671,064671,price,"$1,200","$1,200","$1,200",unchanged-same
product-064671,064671,material,,"Satinwood, upholstered","Satinwood, upholstered",filled-from-archive
product-064671,064671,style,Contemporary/Post-War Design,Contemporary/Post-War Design,Contemporary/Post-War Design,unchanged-same
product-064671,064671,period,,,,both-empty
product-064671,064671,availability,Available Qty: 1,Available Qty: 1,Available Qty: 1,unchanged-same
product-reg4661,REG4661,title,Pair of Contemporary American Carved Wood Sphere Sculptures,Pair of Contemporary American Carved Wood Sphere Sculptures,Pair of Contemporary American Carved Wood Sphere Sculptures,unchanged-same
product-reg4661,REG4661,description,PAIR of Contemporary American carved wood sphere sculptures with a relief surface pattern of smaller spheres (PRICED AS PAIR).,PAIR of Contemporary American carved wood sphere sculptures with a relief surface pattern of smaller spheres (PRICED AS PAIR).,PAIR of Contemporary American carved wood sphere sculptures with a relief surface pattern of smaller spheres (PRICED AS PAIR).,unchanged-same
product-reg4661,REG4661,dimensions,,,,both-empty
product-reg4661,REG4661,price,"$2,400","$2,400","$2,400",unchanged-same
product-reg4661,REG4661,material,,"Carved, wood","Carved, wood",filled-from-archive
product-reg4661,REG4661,style,Contemporary/Post-War Design,Contemporary/Post-War Design,Contemporary/Post-War Design,unchanged-same
product-reg4661,REG4661,period,,,,both-empty
product-reg4661,REG4661,availability,,,,both-empty
product-037757a,037757A,title,French Victorian Faux Bamboo Triptych Cheval Mirror,French Victorian Faux Bamboo Triptych Cheval Mirror,French Victorian Faux Bamboo Triptych Cheval Mirror,unchanged-same
product-037757a,037757A,description,French Victorian faux bamboo (maple) three-way (triptych) cheval mirror with fluted sides..,French Victorian faux bamboo (maple) three-way (triptych) cheval mirror with fluted sides..,French Victorian faux bamboo (maple) three-way (triptych) cheval mirror with fluted sides..,unchanged-same
product-037757a,037757A,dimensions,,,,both-empty
product-037757a,037757A,price,"$32,000","$32,000","$32,000",unchanged-same
product-037757a,037757A,material,,"Maple, mirrored, wood","Maple, mirrored, wood",filled-from-archive
product-037757a,037757A,style,Bamboo,Bamboo,Bamboo,unchanged-same
product-037757a,037757A,period,,,,both-empty
product-037757a,037757A,availability,,,,both-empty
product-nwl7571,NWL7571,title,Pair of Viennese Secessionist Egyptian Revival Thebes Stools,Pair of Viennese Secessionist Egyptian Revival Thebes Stools,Pair of Viennese Secessionist Egyptian Revival Thebes Stools,unchanged-same
product-nwl7571,NWL7571,description,PAIR of Austrian Secessionist walnut stools in an Egyptian Thebes revivalist style while having a clover shaped seat atop a sabered tripod leg frame (PRICED AS PAIR) (AVAILABLE INDIVIDUALLY).,PAIR of Austrian Secessionist walnut stools in an Egyptian Thebes revivalist style while having a clover shaped seat atop a sabered tripod leg frame (PRICED AS PAIR) (AVAILABLE INDIVIDUALLY).,PAIR of Austrian Secessionist walnut stools in an Egyptian Thebes revivalist style while having a clover shaped seat atop a sabered tripod leg frame (PRICED AS PAIR) (AVAILABLE INDIVIDUALLY).,unchanged-same
product-nwl7571,NWL7571,dimensions,,,,both-empty
product-nwl7571,NWL7571,price,"$2,000","$2,000","$2,000",unchanged-same
product-nwl7571,NWL7571,material,,Walnut,Walnut,filled-from-archive
product-nwl7571,NWL7571,style,Continental,Continental,Continental,unchanged-same
product-nwl7571,NWL7571,period,,,,both-empty
product-nwl7571,NWL7571,availability,Available Qty: 1,Available Qty: 1,Available Qty: 1,unchanged-same
product-reg4978,REG4978,title,Vittorio Dassi Mid-Century Italian Modern Walnut and Black Leather Upholstered Long Bench,Vittorio Dassi Mid-Century Italian Modern Walnut and Black Leather Upholstered Long Bench,Vittorio Dassi Mid-Century Italian Modern Walnut and Black Leather Upholstered Long Bench,unchanged-same
product-reg4978,REG4978,description,"Mid-Century Italian Modern walnut bench in sculptural form features a 3-row frame with rounded edges, rectangular seat cushion upholstered in black leather, standing on 4 short conical legs. (VITTORIO DASSI).","Mid-Century Italian Modern walnut bench in sculptural form features a 3-row frame with rounded edges, rectangular seat cushion upholstered in black leather, standing on 4 short conical legs. (VITTORIO DASSI).","Mid-Century Italian Modern walnut bench in sculptural form features a 3-row frame with rounded edges, rectangular seat cushion upholstered in black leather, standing on 4 short conical legs. (VITTORIO DASSI).",unchanged-same
product-reg4978,REG4978,dimensions,,,,both-empty
product-reg4978,REG4978,price,"$6,250","$6,250","$6,250",unchanged-same
product-reg4978,REG4978,material,,"Leather, upholstered, wood","Leather, upholstered, wood",filled-from-archive
product-reg4978,REG4978,style,Mid-Century,Mid-Century,Mid-Century,unchanged-same
product-reg4978,REG4978,period,,,,both-empty
product-reg4978,REG4978,availability,Available Qty: 1,Available Qty: 1,Available Qty: 1,unchanged-same
product-reg5129,REG5129,title,Dutch Repouse Glass and Brass Mirror,Dutch Repouse Glass and Brass Mirror,Dutch Repouse Glass and Brass Mirror,unchanged-same
product-reg5129,REG5129,description,Dutch (18/19th Century) mirror with an ebonized carved wood and repoussé hammered brass frame having mirrored glass panel insets.,Dutch (18/19th Century) mirror with an ebonized carved wood and repoussé hammered brass frame having mirrored glass panel insets.,Dutch (18/19th Century) mirror with an ebonized carved wood and repoussé hammered brass frame having mirrored glass panel insets.,unchanged-same
product-reg5129,REG5129,dimensions,,,,both-empty
product-reg5129,REG5129,price,"$8,800","$8,800","$8,800",unchanged-same
product-reg5129,REG5129,material,,,,both-empty
product-reg5129,REG5129,style,Continental,Continental,Continental,unchanged-same
product-reg5129,REG5129,period,,,,both-empty
product-reg5129,REG5129,availability,Available Qty: 1,Available Qty: 1,Available Qty: 1,unchanged-same
product-reg5385,REG5385,title,Set of 6 Charles Hollis Jones American Contemporary Clear and Multi-Colored Lucite Dining Side Chair,Set of 6 Charles Hollis Jones American Contemporary Clear and Multi-Colored Lucite Dining Side Chair,Set of 6 Charles Hollis Jones American Contemporary Clear and Multi-Colored Lucite Dining Side Chair,unchanged-same
product-reg5385,REG5385,description,SET of 6 American Contemporary dining side chairs with clear lucite frames with multi colored lucite circles in descending size inset in each chair back which matches the seat upholstery. (CHARLES HOLLIS JONES)(PRICED AS SET).,SET of 6 American Contemporary dining side chairs with clear lucite frames with multi colored lucite circles in descending size inset in each chair back which matches the seat upholstery. (CHARLES HOLLIS JONES)(PRICED AS SET).,SET of 6 American Contemporary dining side chairs with clear lucite frames with multi colored lucite circles in descending size inset in each chair back which matches the seat upholstery. (CHARLES HOLLIS JONES)(PRICED AS SET).,unchanged-same
product-reg5385,REG5385,dimensions,,,,both-empty
product-reg5385,REG5385,price,"$34,500","$34,500","$34,500",unchanged-same
product-reg5385,REG5385,material,,"Fabric, lucite, upholstered","Fabric, lucite, upholstered",filled-from-archive
product-reg5385,REG5385,style,Contemporary/Post-War Design,Contemporary/Post-War Design,Contemporary/Post-War Design,unchanged-same
product-reg5385,REG5385,period,,,,both-empty
product-reg5385,REG5385,availability,Available Qty: 1,Available Qty: 1,Available Qty: 1,unchanged-same
product-grs6302,GRS6302,title,Chinese Carved Painted Wood Dressing Table / Vanity Mirror with Gilt Highlights,Chinese Carved Painted Wood Dressing Table / Vanity Mirror with Gilt Highlights,Chinese Carved Painted Wood Dressing Table / Vanity Mirror with Gilt Highlights,unchanged-same
product-grs6302,GRS6302,description,Chinese (19/20th Century)red painted dressing table mirror with an elaborately shaped carved wood frame with openwork design and raised on a rectangular base.,Chinese (19/20th Century)red painted dressing table mirror with an elaborately shaped carved wood frame with openwork design and raised on a rectangular base.,Chinese (19/20th Century)red painted dressing table mirror with an elaborately shaped carved wood frame with openwork design and raised on a rectangular base.,unchanged-same
product-grs6302,GRS6302,dimensions,,,,both-empty
product-grs6302,GRS6302,price,"$1,450","$1,450","$1,450",unchanged-same
product-grs6302,GRS6302,material,,"Metal, mirror, wood","Metal, mirror, wood",filled-from-archive
product-grs6302,GRS6302,style,Asian,Asian,Asian,unchanged-same
product-grs6302,GRS6302,period,,,,both-empty
product-grs6302,GRS6302,availability,Available Qty: 1,Available Qty: 1,Available Qty: 1,unchanged-same
product-nwl8747,NWL8747,title,Pietro Franceshini Italian Contemporary Steel Gold Arch Bench,Pietro Franceshini Italian Contemporary Steel Gold Arch Bench,Pietro Franceshini Italian Contemporary Steel Gold Arch Bench,unchanged-same
product-nwl8747,NWL8747,description,"Contemporary steel gold arch 7-leg bench with a repetition of arch motifs in a hand-applied brass finish (PIETRO FRANCESHINI)

This piece is represented by PHILIA and offered in partnership with Reynolds Antique House..","Contemporary steel gold arch 7-leg bench with a repetition of arch motifs in a hand-applied brass finish (PIETRO FRANCESHINI)

This piece is represented by PHILIA and offered in partnership with NEWEL..","Contemporary steel gold arch 7-leg bench with a repetition of arch motifs in a hand-applied brass finish (PIETRO FRANCESHINI)

This piece is represented by PHILIA and offered in partnership with Reynolds Antique House..",kept-existing
product-nwl8747,NWL8747,dimensions,,,,both-empty
product-nwl8747,NWL8747,price,"$17,800","$17,800","$17,800",unchanged-same
product-nwl8747,NWL8747,material,,Steel,Steel,filled-from-archive
product-nwl8747,NWL8747,style,Contemporary/Post-War Design,Contemporary/Post-War Design,Contemporary/Post-War Design,unchanged-same
product-nwl8747,NWL8747,period,,,,both-empty
product-nwl8747,NWL8747,availability,Available Qty: 1,Available Qty: 1,Available Qty: 1,unchanged-same
product-063836,063836,title,American Federal style Mahogany and Gold Wall Mirror,American Federal style Mahogany and Gold Wall Mirror,American Federal style Mahogany and Gold Wall Mirror,unchanged-same
product-063836,063836,description,American Federal style mahogany and gold trim wall mirror having an arched top and a gold urn finial placed in the center of the arch.,American Federal style mahogany and gold trim wall mirror having an arched top and a gold urn finial placed in the center of the arch.,American Federal style mahogany and gold trim wall mirror having an arched top and a gold urn finial placed in the center of the arch.,unchanged-same
product-063836,063836,dimensions,,,,both-empty
product-063836,063836,price,"$1,500","$1,500","$1,500",unchanged-same
product-063836,063836,material,,,,both-empty
product-063836,063836,style,American,American,American,unchanged-same
product-063836,063836,period,,,,both-empty
product-063836,063836,availability,Available Qty: 1,Available Qty: 1,Available Qty: 1,unchanged-same
product-nwl8719,NWL8719,title,Arno Declerq Belgian Contemporary Burned and Waxed Iroko Wood Stools,Arno Declerq Belgian Contemporary Burned and Waxed Iroko Wood Stools,Arno Declerq Belgian Contemporary Burned and Waxed Iroko Wood Stools,unchanged-same
product-nwl8719,NWL8719,description,"PAIR of Contemporary four leg stools composed with clustered cuboid blocks of burned and waxed Iroko wood (ARNO DECLERQ) (PRICED AS PAIR)

This piece is represented by PHILIA and offered in partnership with Reynolds Antique House..","PAIR of Contemporary four leg stools composed with clustered cuboid blocks of burned and waxed Iroko wood (ARNO DECLERQ) (PRICED AS PAIR)

This piece is represented by PHILIA and offered in partnership with NEWEL..","PAIR of Contemporary four leg stools composed with clustered cuboid blocks of burned and waxed Iroko wood (ARNO DECLERQ) (PRICED AS PAIR)

This piece is represented by PHILIA and offered in partnership with Reynolds Antique House..",kept-existing
product-nwl8719,NWL8719,dimensions,,,,both-empty
product-nwl8719,NWL8719,price,"$5,000","$5,000","$5,000",unchanged-same
product-nwl8719,NWL8719,material,,,,both-empty
product-nwl8719,NWL8719,style,Contemporary/Post-War Design,Contemporary/Post-War Design,Contemporary/Post-War Design,unchanged-same
product-nwl8719,NWL8719,period,,,,both-empty
product-nwl8719,NWL8719,availability,Available Qty: 1,Available Qty: 1,Available Qty: 1,unchanged-same
product-reg5158,REG5158,title,French Empire Mahogany Mirror,French Empire Mahogany Mirror,French Empire Mahogany Mirror,unchanged-same
product-reg5158,REG5158,description,French Empire (1st quarter 19th Century) mahogany vertical wall mirror with gilt bronze trim and fluted column sides have a top section with a small oval painting of Hermes on a chariot with two roosters.,French Empire (1st quarter 19th Century) mahogany vertical wall mirror with gilt bronze trim and fluted column sides have a top section with a small oval painting of Hermes on a chariot with two roosters.,French Empire (1st quarter 19th Century) mahogany vertical wall mirror with gilt bronze trim and fluted column sides have a top section with a small oval painting of Hermes on a chariot with two roosters.,unchanged-same
product-reg5158,REG5158,dimensions,,,,both-empty
product-reg5158,REG5158,price,"$15,500","$15,500","$15,500",unchanged-same
product-reg5158,REG5158,material,,,,both-empty
product-reg5158,REG5158,style,French,French,French,unchanged-same
product-reg5158,REG5158,period,,,,both-empty
product-reg5158,REG5158,availability,Available Qty: 1,Available Qty: 1,Available Qty: 1,unchanged-same
product-nwl8583,NWL8583,title,African Ivory Coast Early 21st Century Carved Wooden Kafigueledio Senoufo Fetish Figure,African Ivory Coast Early 21st Century Carved Wooden Kafigueledio Senoufo Fetish Figure,African Ivory Coast Early 21st Century Carved Wooden Kafigueledio Senoufo Fetish Figure,unchanged-same
product-nwl8583,NWL8583,description,African carved wooden Kafigueledio Senoufo fetish figure with face and body concealed with coarse cloth and raffia.,African carved wooden Kafigueledio Senoufo fetish figure with face and body concealed with coarse cloth and raffia.,African carved wooden Kafigueledio Senoufo fetish figure with face and body concealed with coarse cloth and raffia.,unchanged-same
product-nwl8583,NWL8583,dimensions,,,,both-empty
product-nwl8583,NWL8583,price,"$1,000","$1,000","$1,000",unchanged-same
product-nwl8583,NWL8583,material,,Wood,Wood,filled-from-archive
product-nwl8583,NWL8583,style,Misc. Style,Misc. Style,Misc. Style,unchanged-same
product-nwl8583,NWL8583,period,,,,both-empty
product-nwl8583,NWL8583,availability,Available Qty: 1,Available Qty: 1,Available Qty: 1,unchanged-same
product-reg4196,REG4196,title,American Mid-Century White Painted Wall Mirror,American Mid-Century White Painted Wall Mirror,American Mid-Century White Painted Wall Mirror,unchanged-same
product-reg4196,REG4196,description,American Mid-Century wall mirror with a white painted wooden frame with rounded corners and a decorative oval cutout at the top..,American Mid-Century wall mirror with a white painted wooden frame with rounded corners and a decorative oval cutout at the top..,American Mid-Century wall mirror with a white painted wooden frame with rounded corners and a decorative oval cutout at the top..,unchanged-same
product-reg4196,REG4196,dimensions,,,,both-empty
product-reg4196,REG4196,price,"$1,450","$1,450","$1,450",unchanged-same
product-reg4196,REG4196,material,,"Mirror, painted, wood","Mirror, painted, wood",filled-from-archive
product-reg4196,REG4196,style,Mid-Century,Mid-Century,Mid-Century,unchanged-same
product-reg4196,REG4196,period,,,,both-empty
product-reg4196,REG4196,availability,Available Qty: 1,Available Qty: 1,Available Qty: 1,unchanged-same
product-028022,028022,title,Aesthetics Movement Faux Bamboo Gilt Needlepoint Stool,Aesthetics Movement Faux Bamboo Gilt Needlepoint Stool,Aesthetics Movement Faux Bamboo Gilt Needlepoint Stool,unchanged-same
product-028022,028022,description,Faux Bamboo Aesthetic Movement (English 19th Century) gilt wood round stool/bench having a stretcher and lattice design between the legs with a needlepoint seat..,Faux Bamboo Aesthetic Movement (English 19th Century) gilt wood round stool/bench having a stretcher and lattice design between the legs with a needlepoint seat..,Faux Bamboo Aesthetic Movement (English 19th Century) gilt wood round stool/bench having a stretcher and lattice design between the legs with a needlepoint seat..,unchanged-same
product-028022,028022,dimensions,,,,both-empty
product-028022,028022,price,"$2,850","$2,850","$2,850",unchanged-same
product-028022,028022,material,,"Bamboo, gilt / giltwood, needlepoint","Bamboo, gilt / giltwood, needlepoint",filled-from-archive
product-028022,028022,style,Bamboo,Bamboo,Bamboo,unchanged-same
product-028022,028022,period,,,,both-empty
product-028022,028022,availability,Available Qty: 1,Available Qty: 1,Available Qty: 1,unchanged-same
product-nwl6992,NWL6992,title,Gio Ponti Style Italian Mid-Century Gold Asymmetrical Wall Mirror,Gio Ponti Style Italian Mid-Century Gold Asymmetrical Wall Mirror,Gio Ponti Style Italian Mid-Century Gold Asymmetrical Wall Mirror,unchanged-same
product-nwl6992,NWL6992,description,Italian Mid-Century brass rectangular wall mirror with a shaped top and bottom and open loop dessign pediment top (att: Gio Ponti)  (sight damage to bottom right cornoer of mirror).,Italian Mid-Century brass rectangular wall mirror with a shaped top and bottom and open loop dessign pediment top (att: Gio Ponti)  (sight damage to bottom right cornoer of mirror).,Italian Mid-Century brass rectangular wall mirror with a shaped top and bottom and open loop dessign pediment top (att: Gio Ponti)  (sight damage to bottom right cornoer of mirror).,unchanged-same
product-nwl6992,NWL6992,dimensions,,,,both-empty
product-nwl6992,NWL6992,price,"$4,250","$4,250","$4,250",unchanged-same
product-nwl6992,NWL6992,material,,Glass,Glass,filled-from-archive
product-nwl6992,NWL6992,style,Mid-Century,Mid-Century,Mid-Century,unchanged-same
product-nwl6992,NWL6992,period,,,,both-empty
product-nwl6992,NWL6992,availability,Available Qty: 1,Available Qty: 1,Available Qty: 1,unchanged-same
product-nwl6997,NWL6997,title,Italian Mid-Century Floral Round Murano Glass Wall Mirror,Italian Mid-Century Floral Round Murano Glass Wall Mirror,Italian Mid-Century Floral Round Murano Glass Wall Mirror,unchanged-same
product-nwl6997,NWL6997,description,Italian Mid-Century round mirror surrounded by spokes with attached small Murano clear glass stars.,Italian Mid-Century round mirror surrounded by spokes with attached small Murano clear glass stars.,Italian Mid-Century round mirror surrounded by spokes with attached small Murano clear glass stars.,unchanged-same
product-nwl6997,NWL6997,dimensions,,,,both-empty
product-nwl6997,NWL6997,price,"$6,850","$6,850","$6,850",unchanged-same
product-nwl6997,NWL6997,material,,Glass,Glass,filled-from-archive
product-nwl6997,NWL6997,style,Mid-Century,Mid-Century,Mid-Century,unchanged-same
product-nwl6997,NWL6997,period,,,,both-empty
product-nwl6997,NWL6997,availability,Available Qty: 1,Available Qty: 1,Available Qty: 1,unchanged-same
product-reg5133,REG5133,title,Italian Mid-Century Fontana Arte Wall Mirror,Italian Mid-Century Fontana Arte Wall Mirror,Italian Mid-Century Fontana Arte Wall Mirror,unchanged-same
product-reg5133,REG5133,description,Italian Mid-Century wall mirror consisting of a frame having layers of 2 black mirrors and 1 clear mirror overlapping one another  (Attributed to: FONTANA ARTE).,Italian Mid-Century wall mirror consisting of a frame having layers of 2 black mirrors and 1 clear mirror overlapping one another  (Attributed to: FONTANA ARTE).,Italian Mid-Century wall mirror consisting of a frame having layers of 2 black mirrors and 1 clear mirror overlapping one another  (Attributed to: FONTANA ARTE).,unchanged-same
product-reg5133,REG5133,dimensions,,,,both-empty
product-reg5133,REG5133,price,"$9,500","$9,500","$9,500",unchanged-same
product-reg5133,REG5133,material,,Glass,Glass,filled-from-archive
product-reg5133,REG5133,style,Mid-Century,Mid-Century,Mid-Century,unchanged-same
product-reg5133,REG5133,period,,,,both-empty
product-reg5133,REG5133,availability,Available Qty: 1,Available Qty: 1,Available Qty: 1,unchanged-same
product-063835,063835,title,Italian Rococo Silver Gilt Wall Mirror,Italian Rococo Silver Gilt Wall Mirror,Italian Rococo Silver Gilt Wall Mirror,unchanged-same
product-063835,063835,description,Italian Rococo style (19/20th Century) carved silver gilt wall mirror with two small eagle figures and urn finial top.,Italian Rococo style (19/20th Century) carved silver gilt wall mirror with two small eagle figures and urn finial top.,Italian Rococo style (19/20th Century) carved silver gilt wall mirror with two small eagle figures and urn finial top.,unchanged-same
product-063835,063835,dimensions,,,,both-empty
product-063835,063835,price,"$2,150","$2,150","$2,150",unchanged-same
product-063835,063835,material,,,,both-empty
product-063835,063835,style,Italian,Italian,Italian,unchanged-same
product-063835,063835,period,,,,both-empty
product-063835,063835,availability,Available Qty: 1,Available Qty: 1,Available Qty: 1,unchanged-same
product-reg4967a,REG4967A,title,Paolo Buffa Italian Mid-Century Brown Rectangle Wall Mirror,Paolo Buffa Italian Mid-Century Brown Rectangle Wall Mirror,Paolo Buffa Italian Mid-Century Brown Rectangle Wall Mirror,unchanged-same
product-reg4967a,REG4967A,description,Italian Mid-Century large mahogany horizontal wall mirror (PAOLO BUFFA).,Italian Mid-Century large mahogany horizontal wall mirror (PAOLO BUFFA).,Italian Mid-Century large mahogany horizontal wall mirror (PAOLO BUFFA).,unchanged-same
product-reg4967a,REG4967A,dimensions,,,,both-empty
product-reg4967a,REG4967A,price,"$5,500","$5,500","$5,500",unchanged-same
product-reg4967a,REG4967A,material,,"Glass, wood","Glass, wood",filled-from-archive
product-reg4967a,REG4967A,style,Mid-Century,Mid-Century,Mid-Century,unchanged-same
product-reg4967a,REG4967A,period,,,,both-empty
product-reg4967a,REG4967A,availability,Available Qty: 1,Available Qty: 1,Available Qty: 1,unchanged-same
product-reg5138,REG5138,title,Giltwood Miror Louis XV,Giltwood Miror Louis XV,Giltwood Miror Louis XV,unchanged-same
product-reg5138,REG5138,description,French Victorian gilt wood mirror with rounded corners and a centered carved floral design on each side of the frame.,French Victorian gilt wood mirror with rounded corners and a centered carved floral design on each side of the frame.,French Victorian gilt wood mirror with rounded corners and a centered carved floral design on each side of the frame.,unchanged-same
product-reg5138,REG5138,dimensions,,,,both-empty
product-reg5138,REG5138,price,"$4,400","$4,400","$4,400",unchanged-same
product-reg5138,REG5138,material,,,,both-empty
product-reg5138,REG5138,style,French,French,French,unchanged-same
product-reg5138,REG5138,period,,,,both-empty
product-reg5138,REG5138,availability,Available Qty: 1,Available Qty: 1,Available Qty: 1,unchanged-same
product-037391c,037391C,title,Pair of Victorian Stripped Musician Figures,Pair of Victorian Stripped Musician Figures,Pair of Victorian Stripped Musician Figures,unchanged-same
product-037391c,037391C,description,PAIR of French Victorian stripped life size carved male and female figures playing musical instruments with gilt trim and seated on pedestal bases.,PAIR of French Victorian stripped life size carved male and female figures playing musical instruments with gilt trim and seated on pedestal bases.,PAIR of French Victorian stripped life size carved male and female figures playing musical instruments with gilt trim and seated on pedestal bases.,unchanged-same
product-037391c,037391C,dimensions,,,,both-empty
product-037391c,037391C,price,"$56,000","$56,000","$56,000",unchanged-same
product-037391c,037391C,material,,"Stripped, carved","Stripped, carved",filled-from-archive
product-037391c,037391C,style,French,French,French,unchanged-same
product-037391c,037391C,period,,,,both-empty
product-037391c,037391C,availability,Available Qty: 1,Available Qty: 1,Available Qty: 1,unchanged-same
product-reg5405,REG5405,title,American Contemporary Curtis Jere Oxidized Brass Wall Sculpture,American Contemporary Curtis Jere Oxidized Brass Wall Sculpture,American Contemporary Curtis Jere Oxidized Brass Wall Sculpture,unchanged-same
product-reg5405,REG5405,description,American contemporary wall sculpture of oxidized brass wire in 5 interconnected sunburst shapes (C. Jere).,American contemporary wall sculpture of oxidized brass wire in 5 interconnected sunburst shapes (C. Jere).,American contemporary wall sculpture of oxidized brass wire in 5 interconnected sunburst shapes (C. Jere).,unchanged-same
product-reg5405,REG5405,dimensions,,,,both-empty
product-reg5405,REG5405,price,"$5,400","$5,400","$5,400",unchanged-same
product-reg5405,REG5405,material,,Brass,Brass,filled-from-archive
product-reg5405,REG5405,style,Contemporary/Post-War Design,Contemporary/Post-War Design,Contemporary/Post-War Design,unchanged-same
product-reg5405,REG5405,period,,,,both-empty
product-reg5405,REG5405,availability,Available Qty: 1,Available Qty: 1,Available Qty: 1,unchanged-same
product-nwl8716,NWL8716,title,Kar Studio Contemporary Circular Boucle Upholstered Lounge Chairs,Kar Studio Contemporary Circular Boucle Upholstered Lounge Chairs,Kar Studio Contemporary Circular Boucle Upholstered Lounge Chairs,unchanged-same
product-nwl8716,NWL8716,description,"2 Contemporary circular lounge chairs with beige boucle upholstery (PRICED EACH) (KAR STUDIO)

This piece is represented by PHILIA and offered in partnership with Reynolds Antique House..","2 Contemporary circular lounge chairs with beige boucle upholstery (PRICED EACH) (KAR STUDIO)

This piece is represented by PHILIA and offered in partnership with NEWEL..","2 Contemporary circular lounge chairs with beige boucle upholstery (PRICED EACH) (KAR STUDIO)

This piece is represented by PHILIA and offered in partnership with Reynolds Antique House..",kept-existing
product-nwl8716,NWL8716,dimensions,,,,both-empty
product-nwl8716,NWL8716,price,"$6,800","$6,800","$6,800",unchanged-same
product-nwl8716,NWL8716,material,,,,both-empty
product-nwl8716,NWL8716,style,Contemporary/Post-War Design,Contemporary/Post-War Design,Contemporary/Post-War Design,unchanged-same
product-nwl8716,NWL8716,period,,,,both-empty
product-nwl8716,NWL8716,availability,Available Qty: 2,Available Qty: 2,Available Qty: 2,unchanged-same
product-reg4671,REG4671,title,Curtis Jere Starburst Sculpture,Curtis Jere Starburst Sculpture,Curtis Jere Starburst Sculpture,unchanged-same
product-reg4671,REG4671,description,American Mid-Century Metal Starburst Wall Sculpture with spokes eminating from a centered circular disc. (CURTIS JERE).,American Mid-Century Metal Starburst Wall Sculpture with spokes eminating from a centered circular disc. (CURTIS JERE).,American Mid-Century Metal Starburst Wall Sculpture with spokes eminating from a centered circular disc. (CURTIS JERE).,unchanged-same
product-reg4671,REG4671,dimensions,,,,both-empty
product-reg4671,REG4671,price,"$3,800","$3,800","$3,800",unchanged-same
product-reg4671,REG4671,material,,"Bronze, metal","Bronze, metal",filled-from-archive
product-reg4671,REG4671,style,Mid-Century,Mid-Century,Mid-Century,unchanged-same
product-reg4671,REG4671,period,,,,both-empty
product-reg4671,REG4671,availability,Available Qty: 1,Available Qty: 1,Available Qty: 1,unchanged-same
product-ppm030,PPM030,title,Louis XVI Style Mahogany and Brass Cheval Mirror,Louis XVI Style Mahogany and Brass Cheval Mirror,Louis XVI Style Mahogany and Brass Cheval Mirror,unchanged-same
product-ppm030,PPM030,description,French Louis XVI-style (19th Century) mahogany cheval mirror with fluted brass trim and bevelled glass..,French Louis XVI-style (19th Century) mahogany cheval mirror with fluted brass trim and bevelled glass..,French Louis XVI-style (19th Century) mahogany cheval mirror with fluted brass trim and bevelled glass..,unchanged-same
product-ppm030,PPM030,dimensions,,,,both-empty
product-ppm030,PPM030,price,"$13,000","$13,000","$13,000",unchanged-same
product-ppm030,PPM030,material,,"Brass, mahogany, metal, wood","Brass, mahogany, metal, wood",filled-from-archive
product-ppm030,PPM030,style,French,French,French,unchanged-same
product-ppm030,PPM030,period,,,,both-empty
product-ppm030,PPM030,availability,Available Qty: 1,Available Qty: 1,Available Qty: 1,unchanged-same
product-reg5155,REG5155,title,Lane American Mid-Century Cubist Mirror,Lane American Mid-Century Cubist Mirror,Lane American Mid-Century Cubist Mirror,unchanged-same
product-reg5155,REG5155,description,American Mid-Century Brutalist style walnut double panel mirror with a geometric cubist vertical center panel (LANE FURNITURE CO).,American Mid-Century Brutalist style walnut double panel mirror with a geometric cubist vertical center panel (LANE FURNITURE CO).,American Mid-Century Brutalist style walnut double panel mirror with a geometric cubist vertical center panel (LANE FURNITURE CO).,unchanged-same
product-reg5155,REG5155,dimensions,,,,both-empty
product-reg5155,REG5155,price,"$1,850","$1,850","$1,850",unchanged-same
product-reg5155,REG5155,material,,Walnut,Walnut,filled-from-archive
product-reg5155,REG5155,style,Mid-Century,Mid-Century,Mid-Century,unchanged-same
product-reg5155,REG5155,period,,,,both-empty
product-reg5155,REG5155,availability,Available Qty: 1,Available Qty: 1,Available Qty: 1,unchanged-same
product-nwl8753,NWL8753,title,"Lucas Tyra Morten Scandanavian Contemporary ""Kub"" Chair","Lucas Tyra Morten Scandanavian Contemporary ""Kub"" Chair","Lucas Tyra Morten Scandanavian Contemporary ""Kub"" Chair",unchanged-same
product-nwl8753,NWL8753,description,"Contemporary chair with angular armrests and geometrical body (LUCAS TYRA MORTEN)

This piece is represented by PHILIA and offered in partnership with Reynolds Antique House..","Contemporary chair with angular armrests and geometrical body (LUCAS TYRA MORTEN)

This piece is represented by PHILIA and offered in partnership with NEWEL..","Contemporary chair with angular armrests and geometrical body (LUCAS TYRA MORTEN)

This piece is represented by PHILIA and offered in partnership with Reynolds Antique House..",kept-existing
product-nwl8753,NWL8753,dimensions,,,,both-empty
product-nwl8753,NWL8753,price,"$8,500","$8,500","$8,500",unchanged-same
product-nwl8753,NWL8753,material,,Wood,Wood,filled-from-archive
product-nwl8753,NWL8753,style,Contemporary/Post-War Design,Contemporary/Post-War Design,Contemporary/Post-War Design,unchanged-same
product-nwl8753,NWL8753,period,,,,both-empty
product-nwl8753,NWL8753,availability,Available Qty: 1,Available Qty: 1,Available Qty: 1,unchanged-same
product-reg4250,REG4250,title,"French Art Deco Pate-De-Verre Alligator Sculpture, Daum France","French Art Deco Pate-De-Verre Alligator Sculpture, Daum France","French Art Deco Pate-De-Verre Alligator Sculpture, Daum France",unchanged-same
product-reg4250,REG4250,description,"French Art Deco Pate-De-Verre Alligator Sculpture, Daum France.","French Art Deco Pate-De-Verre Alligator Sculpture, Daum France.","French Art Deco Pate-De-Verre Alligator Sculpture, Daum France.",unchanged-same
product-reg4250,REG4250,dimensions,,,,both-empty
product-reg4250,REG4250,price,"$3,800","$3,800","$3,800",unchanged-same
product-reg4250,REG4250,material,,,,both-empty
product-reg4250,REG4250,style,Art Deco,Art Deco,Art Deco,unchanged-same
product-reg4250,REG4250,period,,,,both-empty
product-reg4250,REG4250,availability,Available Qty: 1,Available Qty: 1,Available Qty: 1,unchanged-same
product-037757b,037757B,title,Italian Neoclassic Inlaid Walnut Dolphin Design Cheval Mirror,Italian Neoclassic Inlaid Walnut Dolphin Design Cheval Mirror,Italian Neoclassic Inlaid Walnut Dolphin Design Cheval Mirror,unchanged-same
product-037757b,037757B,description,Italian Neo-classic (19th Century) inlaid walnut cheval mirror on a stand with carved dolphin-shaped sides and four drawers and a base shelf..,Italian Neo-classic (19th Century) inlaid walnut cheval mirror on a stand with carved dolphin-shaped sides and four drawers and a base shelf..,Italian Neo-classic (19th Century) inlaid walnut cheval mirror on a stand with carved dolphin-shaped sides and four drawers and a base shelf..,unchanged-same
product-037757b,037757B,dimensions,,,,both-empty
product-037757b,037757B,price,"$32,000","$32,000","$32,000",unchanged-same
product-037757b,037757B,material,,"Inlaid, walnut, wood","Inlaid, walnut, wood",filled-from-archive
product-037757b,037757B,style,Italian,Italian,Italian,unchanged-same
product-037757b,037757B,period,,,,both-empty
product-037757b,037757B,availability,Available Qty: 1,Available Qty: 1,Available Qty: 1,unchanged-same
product-037744,037744,title,Pair of Italian Renaissance Painted Cavalier Figures,Pair of Italian Renaissance Painted Cavalier Figures,Pair of Italian Renaissance Painted Cavalier Figures,unchanged-same
product-037744,037744,description,PAIR of Italian Renaissance style (19th Cent) carved and painted large figures of cavaliers holding mandolin and spear.,PAIR of Italian Renaissance style (19th Cent) carved and painted large figures of cavaliers holding mandolin and spear.,PAIR of Italian Renaissance style (19th Cent) carved and painted large figures of cavaliers holding mandolin and spear.,unchanged-same
product-037744,037744,dimensions,,,,both-empty
product-037744,037744,price,"$16,000","$16,000","$16,000",unchanged-same
product-037744,037744,material,,"Painted, carved","Painted, carved",filled-from-archive
product-037744,037744,style,Italian,Italian,Italian,unchanged-same
product-037744,037744,period,,,,both-empty
product-037744,037744,availability,Available Qty: 1,Available Qty: 1,Available Qty: 1,unchanged-same
product-050057,050057,title,Mid-Century Lionel Model Locomotive Train,Mid-Century Lionel Model Locomotive Train,Mid-Century Lionel Model Locomotive Train,unchanged-same
product-050057,050057,description,American 1950s Lionel model l# 8213 locomotive with 4 large wheel and a companion coal car (Rio Grande).,American 1950s Lionel model l# 8213 locomotive with 4 large wheel and a companion coal car (Rio Grande).,American 1950s Lionel model l# 8213 locomotive with 4 large wheel and a companion coal car (Rio Grande).,unchanged-same
product-050057,050057,dimensions,,,,both-empty
product-050057,050057,price,$120,$120,$120,unchanged-same
product-050057,050057,material,,Metal,Metal,filled-from-archive
product-050057,050057,style,American,American,American,unchanged-same
product-050057,050057,period,,,,both-empty
product-050057,050057,availability,Available Qty: 2,Available Qty: 2,Available Qty: 2,unchanged-same
product-reg4007,REG4007,title,Sue et Mare French Art Deco Giltwood Upholstered Bench,Sue et Mare French Art Deco Giltwood Upholstered Bench,Sue et Mare French Art Deco Giltwood Upholstered Bench,unchanged-same
product-reg4007,REG4007,description,"French Art Deco (Early 20th Century) giltwood rectangular bench with outwardly flared scroll form handles, and carved fluted embellishments, the seat padded and upholstered in a pale moss green floral patterned fabric. (SUE ET MARE).","French Art Deco (Early 20th Century) giltwood rectangular bench with outwardly flared scroll form handles, and carved fluted embellishments, the seat padded and upholstered in a pale moss green floral patterned fabric. (SUE ET MARE).","French Art Deco (Early 20th Century) giltwood rectangular bench with outwardly flared scroll form handles, and carved fluted embellishments, the seat padded and upholstered in a pale moss green floral patterned fabric. (SUE ET MARE).",unchanged-same
product-reg4007,REG4007,dimensions,,,,both-empty
product-reg4007,REG4007,price,"$8,250","$8,250","$8,250",unchanged-same
product-reg4007,REG4007,material,,"Carved, fabric, gilt / giltwood, upholstered, wood","Carved, fabric, gilt / giltwood, upholstered, wood",filled-from-archive
product-reg4007,REG4007,style,Art Deco,Art Deco,Art Deco,unchanged-same
product-reg4007,REG4007,period,,,,both-empty
product-reg4007,REG4007,availability,Available Qty: 1,Available Qty: 1,Available Qty: 1,unchanged-same
product-051113,051113,title,Egyptian Carved Sarcophagus Figure,Egyptian Carved Sarcophagus Figure,Egyptian Carved Sarcophagus Figure,unchanged-same
product-051113,051113,description,Egyptian carved and painted life size sarcophagus figure (19/20th Cent).,Egyptian carved and painted life size sarcophagus figure (19/20th Cent).,Egyptian carved and painted life size sarcophagus figure (19/20th Cent).,unchanged-same
product-051113,051113,dimensions,,,,both-empty
product-051113,051113,price,"$16,500","$16,500","$16,500",unchanged-same
product-051113,051113,material,,"Painted, carved","Painted, carved",filled-from-archive
product-051113,051113,style,Middle Eastern,Middle Eastern,Middle Eastern,unchanged-same
product-051113,051113,period,,,,both-empty
product-051113,051113,availability,Available Qty: 1,Available Qty: 1,Available Qty: 1,unchanged-same
product-con118,CON118,title,Louis XVI Style Carved Giltwood Cheval Mirror,Louis XVI Style Carved Giltwood Cheval Mirror,Louis XVI Style Carved Giltwood Cheval Mirror,unchanged-same
product-con118,CON118,description,French Louis XVI-style (19th Century) giltwood cheval mirror with finials and a carved crest..,French Louis XVI-style (19th Century) giltwood cheval mirror with finials and a carved crest..,French Louis XVI-style (19th Century) giltwood cheval mirror with finials and a carved crest..,unchanged-same
product-con118,CON118,dimensions,,,,both-empty
product-con118,CON118,price,"$9,500","$9,500","$9,500",unchanged-same
product-con118,CON118,material,,"Carved, crest, gilt / giltwood, giltwood, wood","Carved, crest, gilt / giltwood, giltwood, wood",filled-from-archive
product-con118,CON118,style,French,French,French,unchanged-same
product-con118,CON118,period,,,,both-empty
product-con118,CON118,availability,Available Qty: 1,Available Qty: 1,Available Qty: 1,unchanged-same
product-050060,050060,title,Mid-Century Box of Lionel Model Train Parts,Mid-Century Box of Lionel Model Train Parts,Mid-Century Box of Lionel Model Train Parts,unchanged-same
product-050060,050060,description,American 1950s box lot of 14 various Lionel accessory train cars and rolling stock.,American 1950s box lot of 14 various Lionel accessory train cars and rolling stock.,American 1950s box lot of 14 various Lionel accessory train cars and rolling stock.,unchanged-same
product-050060,050060,dimensions,,,,both-empty
product-050060,050060,price,$375,$375,$375,unchanged-same
product-050060,050060,material,,Metal,Metal,filled-from-archive
product-050060,050060,style,American,American,American,unchanged-same
product-050060,050060,period,,,,both-empty
product-050060,050060,availability,Available Qty: 1,Available Qty: 1,Available Qty: 1,unchanged-same
product-042147b,042147B,title,Pair of Outdoor Iron Nubian Women Statuaries,Pair of Outdoor Iron Nubian Women Statuaries,Pair of Outdoor Iron Nubian Women Statuaries,unchanged-same
product-042147b,042147B,description,"PAIR of Outdoor French Egyptian Revival style cast iron women, each holding a torch aloft and standing on spreading square bases (mid 19th Cent., attr. Val D&#039;Osne) (PRICED AS PAIR).","PAIR of Outdoor French Egyptian Revival style cast iron women, each holding a torch aloft and standing on spreading square bases (mid 19th Cent., attr. Val D&#039;Osne) (PRICED AS PAIR).","PAIR of Outdoor French Egyptian Revival style cast iron women, each holding a torch aloft and standing on spreading square bases (mid 19th Cent., attr. Val D&#039;Osne) (PRICED AS PAIR).",unchanged-same
product-042147b,042147B,dimensions,,,,both-empty
product-042147b,042147B,price,"$48,000","$48,000","$48,000",unchanged-same
product-042147b,042147B,material,,"Iron, iron / wrought iron","Iron, iron / wrought iron",filled-from-archive
product-042147b,042147B,style,"Misc. Style, Outdoor","Misc. Style, Outdoor","Misc. Style, Outdoor",unchanged-same
product-042147b,042147B,period,,,,both-empty
product-042147b,042147B,availability,Available Qty: 1,Available Qty: 1,Available Qty: 1,unchanged-same
product-nwl8703,NWL8703,title,"Kar Studio Contemporary Black Amorphous ""Playdough"" Fiberglass Side Chairs","Kar Studio Contemporary Black Amorphous ""Playdough"" Fiberglass Side Chairs","Kar Studio Contemporary Black Amorphous ""Playdough"" Fiberglass Side Chairs",unchanged-same
product-nwl8703,NWL8703,description,"SET of 3 Contemporary black amorphous fiberglass side chairs (KAR STUDIO) (PRICED EACH)

This piece is represented by PHILIA and offered in partnership with Reynolds Antique House..","SET of 3 Contemporary black amorphous fiberglass side chairs (KAR STUDIO) (PRICED EACH)

This piece is represented by PHILIA and offered in partnership with NEWEL..","SET of 3 Contemporary black amorphous fiberglass side chairs (KAR STUDIO) (PRICED EACH)

This piece is represented by PHILIA and offered in partnership with Reynolds Antique House..",kept-existing
product-nwl8703,NWL8703,dimensions,,,,both-empty
product-nwl8703,NWL8703,price,"$3,500","$3,500","$3,500",unchanged-same
product-nwl8703,NWL8703,material,,Fiberglass,Fiberglass,filled-from-archive
product-nwl8703,NWL8703,style,Contemporary/Post-War Design,Contemporary/Post-War Design,Contemporary/Post-War Design,unchanged-same
product-nwl8703,NWL8703,period,,,,both-empty
product-nwl8703,NWL8703,availability,Available Qty: 1,Available Qty: 1,Available Qty: 1,unchanged-same
product-042147c,042147C,title,Outdoor Iron Female Figure Statuary,Outdoor Iron Female Figure Statuary,Outdoor Iron Female Figure Statuary,unchanged-same
product-042147c,042147C,description,SET of 4 Outdoor painted iron classic life size female figures holding small urn above head (19th Cent.).,SET of 4 Outdoor painted iron classic life size female figures holding small urn above head (19th Cent.).,SET of 4 Outdoor painted iron classic life size female figures holding small urn above head (19th Cent.).,unchanged-same
product-042147c,042147C,dimensions,,,,both-empty
product-042147c,042147C,price,"$60,000","$60,000","$60,000",unchanged-same
product-042147c,042147C,material,,"Iron, iron / wrought iron","Iron, iron / wrought iron",filled-from-archive
product-042147c,042147C,style,Outdoor,Outdoor,Outdoor,unchanged-same
product-042147c,042147C,period,,,,both-empty
product-042147c,042147C,availability,,,,both-empty
product-031323,031323,title,Pair of Burmese Carved Teak Standing Figures,Pair of Burmese Carved Teak Standing Figures,Pair of Burmese Carved Teak Standing Figures,unchanged-same
product-031323,031323,description,PAIR of Asian Burmese (19th Cent) carved teak life size standing figures  with one extended arm and the other holding a rod on a low stylized base (PRICED AS PAIR).,PAIR of Asian Burmese (19th Cent) carved teak life size standing figures  with one extended arm and the other holding a rod on a low stylized base (PRICED AS PAIR).,PAIR of Asian Burmese (19th Cent) carved teak life size standing figures  with one extended arm and the other holding a rod on a low stylized base (PRICED AS PAIR).,unchanged-same
product-031323,031323,dimensions,,,,both-empty
product-031323,031323,price,"$21,500","$21,500","$21,500",unchanged-same
product-031323,031323,material,,"Teak, carved","Teak, carved",filled-from-archive
product-031323,031323,style,Asian,Asian,Asian,unchanged-same
product-031323,031323,period,,,,both-empty
product-031323,031323,availability,Available Qty: 1,Available Qty: 1,Available Qty: 1,unchanged-same
product-nwl8750,NWL8750,title,"Kar Studio Contemporary ""Black Tooth"" Stools","Kar Studio Contemporary ""Black Tooth"" Stools","Kar Studio Contemporary ""Black Tooth"" Stools",unchanged-same
product-nwl8750,NWL8750,description,"Pair of Contemporary stools in a black fiberglass molded forms that resemble a leveled molar tooth (KAR STUDIO) (PRICED EACH)

This piece is represented by PHILIA and offered in partnership with Reynolds Antique House..","Pair of Contemporary stools in a black fiberglass molded forms that resemble a leveled molar tooth (KAR STUDIO) (PRICED EACH)

This piece is represented by PHILIA and offered in partnership with NEWEL..","Pair of Contemporary stools in a black fiberglass molded forms that resemble a leveled molar tooth (KAR STUDIO) (PRICED EACH)

This piece is represented by PHILIA and offered in partnership with Reynolds Antique House..",kept-existing
product-nwl8750,NWL8750,dimensions,,,,both-empty
product-nwl8750,NWL8750,price,"$2,200","$2,200","$2,200",unchanged-same
product-nwl8750,NWL8750,material,,Fiberglass,Fiberglass,filled-from-archive
product-nwl8750,NWL8750,style,Contemporary/Post-War Design,Contemporary/Post-War Design,Contemporary/Post-War Design,unchanged-same
product-nwl8750,NWL8750,period,,,,both-empty
product-nwl8750,NWL8750,availability,Available Qty: 1,Available Qty: 1,Available Qty: 1,unchanged-same
product-056497,056497,title,Outdoor Country Iron Deer Statuary,Outdoor Country Iron Deer Statuary,Outdoor Country Iron Deer Statuary,unchanged-same
product-056497,056497,description,Outdoor American Country style (19/20th Century) brown painted iron life size figure of deer (attributed to J. W. FISKE).,Outdoor American Country style (19/20th Century) brown painted iron life size figure of deer (attributed to J. W. FISKE).,Outdoor American Country style (19/20th Century) brown painted iron life size figure of deer (attributed to J. W. FISKE).,unchanged-same
product-056497,056497,dimensions,,,,both-empty
product-056497,056497,price,"$15,000","$15,000","$15,000",unchanged-same
product-056497,056497,material,,"Iron, iron / wrought iron","Iron, iron / wrought iron",filled-from-archive
product-056497,056497,style,Outdoor,Outdoor,Outdoor,unchanged-same
product-056497,056497,period,,,,both-empty
product-056497,056497,availability,Available Qty: 1,Available Qty: 1,Available Qty: 1,unchanged-same
product-037844,037844,title,American Carousel Style Turkish Figure,American Carousel Style Turkish Figure,American Carousel Style Turkish Figure,unchanged-same
product-037844,037844,description,American Carousel style (19th Cent) carved and painted life size Turkish figure with raised hands.,American Carousel style (19th Cent) carved and painted life size Turkish figure with raised hands.,American Carousel style (19th Cent) carved and painted life size Turkish figure with raised hands.,unchanged-same
product-037844,037844,dimensions,,,,both-empty
product-037844,037844,price,"$22,500","$22,500","$22,500",unchanged-same
product-037844,037844,material,,"Carved, painted","Carved, painted",filled-from-archive
product-037844,037844,style,American,American,American,unchanged-same
product-037844,037844,period,,,,both-empty
product-037844,037844,availability,Available Qty: 1,Available Qty: 1,Available Qty: 1,unchanged-same
product-nwl8752,NWL8752,title,"Sizar Alexis Scandanavian Contemporary ""Itooraba"" Natural Pine Stool","Sizar Alexis Scandanavian Contemporary ""Itooraba"" Natural Pine Stool","Sizar Alexis Scandanavian Contemporary ""Itooraba"" Natural Pine Stool",unchanged-same
product-nwl8752,NWL8752,description,"Contemporary natural pine geometrically shaped stool ending on three pegged slab of legs attached to the square top (SIZAR ALEXIS)

This piece is represented by PHILIA and offered in partnership with Reynolds Antique House..","Contemporary natural pine geometrically shaped stool ending on three pegged slab of legs attached to the square top (SIZAR ALEXIS)

This piece is represented by PHILIA and offered in partnership with NEWEL..","Contemporary natural pine geometrically shaped stool ending on three pegged slab of legs attached to the square top (SIZAR ALEXIS)

This piece is represented by PHILIA and offered in partnership with Reynolds Antique House..",kept-existing
product-nwl8752,NWL8752,dimensions,,,,both-empty
product-nwl8752,NWL8752,price,"$4,800","$4,800","$4,800",unchanged-same
product-nwl8752,NWL8752,material,,Pine,Pine,filled-from-archive
product-nwl8752,NWL8752,style,Contemporary/Post-War Design,Contemporary/Post-War Design,Contemporary/Post-War Design,unchanged-same
product-nwl8752,NWL8752,period,,,,both-empty
product-nwl8752,NWL8752,availability,,,,both-empty
product-041562a,041562A,title,Pair of Italian Renaissance Religious Figures,Pair of Italian Renaissance Religious Figures,Pair of Italian Renaissance Religious Figures,unchanged-same
product-041562a,041562A,description,PAIR of Italian Renaissance style polychromed large standing religious figures wearing blue cape (19th Century).,PAIR of Italian Renaissance style polychromed large standing religious figures wearing blue cape (19th Century).,PAIR of Italian Renaissance style polychromed large standing religious figures wearing blue cape (19th Century).,unchanged-same
product-041562a,041562A,dimensions,,,,both-empty
product-041562a,041562A,price,"$22,500","$22,500","$22,500",unchanged-same
product-041562a,041562A,material,,,,both-empty
product-041562a,041562A,style,Italian,Italian,Italian,unchanged-same
product-041562a,041562A,period,,,,both-empty
product-041562a,041562A,availability,Available Qty: 1,Available Qty: 1,Available Qty: 1,unchanged-same
product-mp1220b,MP1220B,title,Mid-Century Metal Model Airplane,Mid-Century Metal Model Airplane,Mid-Century Metal Model Airplane,unchanged-same
product-mp1220b,MP1220B,description,American Mid-Century metal model airplane with propellers mounted on a ½ globe base (with a light inside the plane).,American Mid-Century metal model airplane with propellers mounted on a ½ globe base (with a light inside the plane).,American Mid-Century metal model airplane with propellers mounted on a ½ globe base (with a light inside the plane).,unchanged-same
product-mp1220b,MP1220B,dimensions,,,,both-empty
product-mp1220b,MP1220B,price,$950,$950,$950,unchanged-same
product-mp1220b,MP1220B,material,,"Metal, rope","Metal, rope",filled-from-archive
product-mp1220b,MP1220B,style,Mid-Century,Mid-Century,Mid-Century,unchanged-same
product-mp1220b,MP1220B,period,,,,both-empty
product-mp1220b,MP1220B,availability,Available Qty: 1,Available Qty: 1,Available Qty: 1,unchanged-same
product-052838,052838,title,American Rustic Old Hickory arm chair,American Rustic Old Hickory arm chair,American Rustic Old Hickory arm chair,unchanged-same
product-052838,052838,description,"American Rustic Old Hickory arm chair with oak slat seat and 6 spindle back  (signed with brand: Old Hickery, Martinsville Indiana).","American Rustic Old Hickory arm chair with oak slat seat and 6 spindle back  (signed with brand: Old Hickery, Martinsville Indiana).","American Rustic Old Hickory arm chair with oak slat seat and 6 spindle back  (signed with brand: Old Hickery, Martinsville Indiana).",unchanged-same
product-052838,052838,dimensions,,,,both-empty
product-052838,052838,price,"$1,650","$1,650","$1,650",unchanged-same
product-052838,052838,material,,"Hickory, oak, slat","Hickory, oak, slat",filled-from-archive
product-052838,052838,style,Rustic,Rustic,Rustic,unchanged-same
product-052838,052838,period,,,,both-empty
product-052838,052838,availability,Available Qty: 1,Available Qty: 1,Available Qty: 1,unchanged-same
product-nwl8727,NWL8727,title,Kar Studio Chinese Contemporary High Back MDF Frame Chairs,Kar Studio Chinese Contemporary High Back MDF Frame Chairs,Kar Studio Chinese Contemporary High Back MDF Frame Chairs,unchanged-same
product-nwl8727,NWL8727,description,"4 Contemporary High Back MDF frame chairs with rounded edges ending on three plank legs (PRICED EACH)(KAR STUDIO)

This piece is represented by PHILIA and offered in partnership with Reynolds Antique House..","4 Contemporary High Back MDF frame chairs with rounded edges ending on three plank legs (PRICED EACH)(KAR STUDIO)

This piece is represented by PHILIA and offered in partnership with NEWEL..","4 Contemporary High Back MDF frame chairs with rounded edges ending on three plank legs (PRICED EACH)(KAR STUDIO)

This piece is represented by PHILIA and offered in partnership with Reynolds Antique House..",kept-existing
product-nwl8727,NWL8727,dimensions,,,,both-empty
product-nwl8727,NWL8727,price,"$1,850","$1,850","$1,850",unchanged-same
product-nwl8727,NWL8727,material,,,,both-empty
product-nwl8727,NWL8727,style,Contemporary/Post-War Design,Contemporary/Post-War Design,Contemporary/Post-War Design,unchanged-same
product-nwl8727,NWL8727,period,,,,both-empty
product-nwl8727,NWL8727,availability,Available Qty: 4,Available Qty: 4,Available Qty: 4,unchanged-same
product-064625,064625,title,Swedish Gustavian style burl & birch tIlt-top table,Swedish Gustavian style burl & birch tIlt-top table,Swedish Gustavian style burl & birch tIlt-top table,unchanged-same
product-064625,064625,description,"19th c., Sweden, round top with burl veneer, resting on a baluster shaped base with three elegantly curved tripod legs, two tags from previous auctions on the underside, 30.5""h x 31"" dia.","19th c., Sweden, round top with burl veneer, resting on a baluster shaped base with three elegantly curved tripod legs, two tags from previous auctions on the underside, 30.5""h x 31"" dia.","19th c., Sweden, round top with burl veneer, resting on a baluster shaped base with three elegantly curved tripod legs, two tags from previous auctions on the underside, 30.5""h x 31"" dia.",unchanged-same
product-064625,064625,dimensions,,,,both-empty
product-064625,064625,price,"$4,800","$4,800","$4,800",unchanged-same
product-064625,064625,material,,"Brass, mahogany","Brass, mahogany",filled-from-archive
product-064625,064625,style,,,,both-empty
product-064625,064625,period,,,,both-empty
product-064625,064625,availability,Available Qty: 1,Available Qty: 1,Available Qty: 1,unchanged-same
product-nwl8846,NWL8846,title,Cedric Breisacher French Contemporary Hand-Sculpted Wooden Stool,Cedric Breisacher French Contemporary Hand-Sculpted Wooden Stool,Cedric Breisacher French Contemporary Hand-Sculpted Wooden Stool,unchanged-same
product-nwl8846,NWL8846,description,"French Contemporary wooden stool hand carved and sculpted from Sycamore

This piece is represented by PHILIA and offered in partnership with Reynolds Antique House..","French Contemporary wooden stool hand carved and sculpted from Sycamore

This piece is represented by PHILIA and offered in partnership with NEWEL..","French Contemporary wooden stool hand carved and sculpted from Sycamore

This piece is represented by PHILIA and offered in partnership with Reynolds Antique House..",kept-existing
product-nwl8846,NWL8846,dimensions,,,,both-empty
product-nwl8846,NWL8846,price,"$3,250","$3,250","$3,250",unchanged-same
product-nwl8846,NWL8846,material,,Sycamore,Sycamore,filled-from-archive
product-nwl8846,NWL8846,style,Contemporary/Post-War Design,Contemporary/Post-War Design,Contemporary/Post-War Design,unchanged-same
product-nwl8846,NWL8846,period,,,,both-empty
product-nwl8846,NWL8846,availability,Available Qty: 1,Available Qty: 1,Available Qty: 1,unchanged-same
product-reg4606,REG4606,title,Curtis Jeré Abstract Raindrop Circles Wall Sculpture,Curtis Jeré Abstract Raindrop Circles Wall Sculpture,Curtis Jeré Abstract Raindrop Circles Wall Sculpture,unchanged-same
product-reg4606,REG4606,description,"Wall sculpture bearing reflective metal and copper plated circular plates in a minimalist style with rustic touch on the edges, the organic forms and composition involved leaves an imprint of abstract raindrops.","Wall sculpture bearing reflective metal and copper plated circular plates in a minimalist style with rustic touch on the edges, the organic forms and composition involved leaves an imprint of abstract raindrops.","Wall sculpture bearing reflective metal and copper plated circular plates in a minimalist style with rustic touch on the edges, the organic forms and composition involved leaves an imprint of abstract raindrops.",unchanged-same
product-reg4606,REG4606,dimensions,,,,both-empty
product-reg4606,REG4606,price,"$4,800","$4,800","$4,800",unchanged-same
product-reg4606,REG4606,material,,"Copper, metal","Copper, metal",filled-from-archive
product-reg4606,REG4606,style,Mid-Century,Mid-Century,Mid-Century,unchanged-same
product-reg4606,REG4606,period,,,,both-empty
product-reg4606,REG4606,availability,,,,both-empty
product-reg4501,REG4501,title,Pair of Italian Neoclassical Style Malachite Veneered Obelisks,Pair of Italian Neoclassical Style Malachite Veneered Obelisks,Pair of Italian Neoclassical Style Malachite Veneered Obelisks,unchanged-same
product-reg4501,REG4501,description,Pair of Italian Neoclassical Style Malachite Veneered Obelisks.,Pair of Italian Neoclassical Style Malachite Veneered Obelisks.,Pair of Italian Neoclassical Style Malachite Veneered Obelisks.,unchanged-same
product-reg4501,REG4501,dimensions,,,,both-empty
product-reg4501,REG4501,price,"$10,800","$10,800","$10,800",unchanged-same
product-reg4501,REG4501,material,,,,both-empty
product-reg4501,REG4501,style,Italian,Italian,Italian,unchanged-same
product-reg4501,REG4501,period,,,,both-empty
product-reg4501,REG4501,availability,Available Qty: 1,Available Qty: 1,Available Qty: 1,unchanged-same
product-reg4504,REG4504,title,"American 21st Century Sculptures, Daric Harvie","American 21st Century Sculptures, Daric Harvie","American 21st Century Sculptures, Daric Harvie",unchanged-same
product-reg4504,REG4504,description,"American 21st Century Sculptures, Daric Harvie.","American 21st Century Sculptures, Daric Harvie.","American 21st Century Sculptures, Daric Harvie.",unchanged-same
product-reg4504,REG4504,dimensions,,,,both-empty
product-reg4504,REG4504,price,"$7,800","$7,800","$7,800",unchanged-same
product-reg4504,REG4504,material,,,,both-empty
product-reg4504,REG4504,style,Contemporary/Post-War Design,Contemporary/Post-War Design,Contemporary/Post-War Design,unchanged-same
product-reg4504,REG4504,period,,,,both-empty
product-reg4504,REG4504,availability,Available Qty: 1,Available Qty: 1,Available Qty: 1,unchanged-same
product-040081f,040081F,title,American Mission Oak and Brass Cheval Mirror,American Mission Oak and Brass Cheval Mirror,American Mission Oak and Brass Cheval Mirror,unchanged-same
product-040081f,040081F,description,American Mission oak cheval mirror with brass trim corners..,American Mission oak cheval mirror with brass trim corners..,American Mission oak cheval mirror with brass trim corners..,unchanged-same
product-040081f,040081F,dimensions,,,,both-empty
product-040081f,040081F,price,"$4,500","$4,500","$4,500",unchanged-same
product-040081f,040081F,material,,"Brass, oak, wood","Brass, oak, wood",filled-from-archive
product-040081f,040081F,style,American,American,American,unchanged-same
product-040081f,040081F,period,,,,both-empty
product-040081f,040081F,availability,Available Qty: 1,Available Qty: 1,Available Qty: 1,unchanged-same
product-reg4528,REG4528,title,"American Modern Circular Églomisé Mirror, David Marshall","American Modern Circular Églomisé Mirror, David Marshall","American Modern Circular Églomisé Mirror, David Marshall",unchanged-same
product-reg4528,REG4528,description,"American Mid-Century Modern Circular Églomisé Mirror, with a gold border having a flame / sunburrst design (DAVID MARSHALL).","American Mid-Century Modern Circular Églomisé Mirror, with a gold border having a flame / sunburrst design (DAVID MARSHALL).","American Mid-Century Modern Circular Églomisé Mirror, with a gold border having a flame / sunburrst design (DAVID MARSHALL).",unchanged-same
product-reg4528,REG4528,dimensions,,,,both-empty
product-reg4528,REG4528,price,"$6,800","$6,800","$6,800",unchanged-same
product-reg4528,REG4528,material,,,,both-empty
product-reg4528,REG4528,style,Mid-Century,Mid-Century,Mid-Century,unchanged-same
product-reg4528,REG4528,period,,,,both-empty
product-reg4528,REG4528,availability,Available Qty: 1,Available Qty: 1,Available Qty: 1,unchanged-same
product-nwl8786,NWL8786,title,"Kar Studio Contemporary ""Oracle"" Ash Wood Bench","Kar Studio Contemporary ""Oracle"" Ash Wood Bench","Kar Studio Contemporary ""Oracle"" Ash Wood Bench",unchanged-same
product-nwl8786,NWL8786,description,"Contemporary ash wood bench with an organically shaped top ending on three slabbed legs in a black high gloss lacquer finish (KAR STUDIO)

This piece is represented by PHILIA and offered in partnership with Reynolds Antique House..","Contemporary ash wood bench with an organically shaped top ending on three slabbed legs in a black high gloss lacquer finish (KAR STUDIO)

This piece is represented by PHILIA and offered in partnership with NEWEL..","Contemporary ash wood bench with an organically shaped top ending on three slabbed legs in a black high gloss lacquer finish (KAR STUDIO)

This piece is represented by PHILIA and offered in partnership with Reynolds Antique House..",kept-existing
product-nwl8786,NWL8786,dimensions,,,,both-empty
product-nwl8786,NWL8786,price,"$7,500","$7,500","$7,500",unchanged-same
product-nwl8786,NWL8786,material,,Ash,Ash,filled-from-archive
product-nwl8786,NWL8786,style,Contemporary/Post-War Design,Contemporary/Post-War Design,Contemporary/Post-War Design,unchanged-same
product-nwl8786,NWL8786,period,,,,both-empty
product-nwl8786,NWL8786,availability,Available Qty: 1,Available Qty: 1,Available Qty: 1,unchanged-same
product-nwl8738,NWL8738,title,"DOOQ Contemporary Portugese Light Grey Boucle Fabric ""Malibu"" Sofa","DOOQ Contemporary Portugese Light Grey Boucle Fabric ""Malibu"" Sofa","DOOQ Contemporary Portugese Light Grey Boucle Fabric ""Malibu"" Sofa",unchanged-same
product-nwl8738,NWL8738,description,"Contemporary \\""Malibu\\"" sofa in a organically boomerang shaped body bearing a boucle upholstery with white felt accent (DOOQ)

This piece is represented by PHILIA and offered in partnership with Reynolds Antique House..","Contemporary \\""Malibu\\"" sofa in a organically boomerang shaped body bearing a boucle upholstery with white felt accent (DOOQ)

This piece is represented by PHILIA and offered in partnership with NEWEL..","Contemporary \\""Malibu\\"" sofa in a organically boomerang shaped body bearing a boucle upholstery with white felt accent (DOOQ)

This piece is represented by PHILIA and offered in partnership with Reynolds Antique House..",kept-existing
product-nwl8738,NWL8738,dimensions,,,,both-empty
product-nwl8738,NWL8738,price,"$14,500","$14,500","$14,500",unchanged-same
product-nwl8738,NWL8738,material,,Upholstered,Upholstered,filled-from-archive
product-nwl8738,NWL8738,style,Contemporary/Post-War Design,Contemporary/Post-War Design,Contemporary/Post-War Design,unchanged-same
product-nwl8738,NWL8738,period,,,,both-empty
product-nwl8738,NWL8738,availability,Available Qty: 1,Available Qty: 1,Available Qty: 1,unchanged-same
product-reg4492,REG4492,title,Enrique Garcel Abelone Mosaic Mirror,Enrique Garcel Abelone Mosaic Mirror,Enrique Garcel Abelone Mosaic Mirror,unchanged-same
product-reg4492,REG4492,description,Enrique Garcel for Maitland Smith. Abelone Mosaic Mirror.,Enrique Garcel for Maitland Smith. Abelone Mosaic Mirror.,Enrique Garcel for Maitland Smith. Abelone Mosaic Mirror.,unchanged-same
product-reg4492,REG4492,dimensions,,,,both-empty
product-reg4492,REG4492,price,"$8,800","$8,800","$8,800",unchanged-same
product-reg4492,REG4492,material,,,,both-empty
product-reg4492,REG4492,style,Mid-Century,Mid-Century,Mid-Century,unchanged-same
product-reg4492,REG4492,period,,,,both-empty
product-reg4492,REG4492,availability,Available Qty: 1,Available Qty: 1,Available Qty: 1,unchanged-same
product-062894b,062894B,title,Italian Venetian Murano Etched Floral Design Wall Mirrors,Italian Venetian Murano Etched Floral Design Wall Mirrors,Italian Venetian Murano Etched Floral Design Wall Mirrors,unchanged-same
product-062894b,062894B,description,"Italian Venetian Murano (modern) wall mirror with etched floral and scroll design border, applied gold-dusted glass leaves, and spindle trim..","Italian Venetian Murano (modern) wall mirror with etched floral and scroll design border, applied gold-dusted glass leaves, and spindle trim..","Italian Venetian Murano (modern) wall mirror with etched floral and scroll design border, applied gold-dusted glass leaves, and spindle trim..",unchanged-same
product-062894b,062894B,dimensions,,,,both-empty
product-062894b,062894B,price,"$15,500","$15,500","$15,500",unchanged-same
product-062894b,062894B,material,,"Etched, glass, gold","Etched, glass, gold",filled-from-archive
product-062894b,062894B,style,Italian,Italian,Italian,unchanged-same
product-062894b,062894B,period,,,,both-empty
product-062894b,062894B,availability,Available Qty: 1,Available Qty: 1,Available Qty: 1,unchanged-same
product-nwl9008,NWL9008,title,American Contemporary Custom Made Horse Leg Saddle Stool / Bench,American Contemporary Custom Made Horse Leg Saddle Stool / Bench,American Contemporary Custom Made Horse Leg Saddle Stool / Bench,unchanged-same
product-nwl9008,NWL9008,description,PAIR of Contemporary custom made saddle stools in a faux horse hair upholstery with decorative brass nailing atop of a molded plastic 4-leg base resembling horse legs (PRICED AS PAIR).,PAIR of Contemporary custom made saddle stools in a faux horse hair upholstery with decorative brass nailing atop of a molded plastic 4-leg base resembling horse legs (PRICED AS PAIR).,PAIR of Contemporary custom made saddle stools in a faux horse hair upholstery with decorative brass nailing atop of a molded plastic 4-leg base resembling horse legs (PRICED AS PAIR).,unchanged-same
product-nwl9008,NWL9008,dimensions,,,,both-empty
product-nwl9008,NWL9008,price,"$9,000","$9,000","$9,000",unchanged-same
product-nwl9008,NWL9008,material,,,,both-empty
product-nwl9008,NWL9008,style,Contemporary/Post-War Design,Contemporary/Post-War Design,Contemporary/Post-War Design,unchanged-same
product-nwl9008,NWL9008,period,,,,both-empty
product-nwl9008,NWL9008,availability,Available Qty: 1,Available Qty: 1,Available Qty: 1,unchanged-same
product-064282,064282,title,American Mid-Century Burgundy Fabric Upholstered Auditorium Chairs,American Mid-Century Burgundy Fabric Upholstered Auditorium Chairs,American Mid-Century Burgundy Fabric Upholstered Auditorium Chairs,kept-existing
product-064282,064282,description,80 American Mid-Century burgundy fabric upholstered seat and back auditorium chairs with wooden armrests ending on U shaped steel stackable legs. (BELNICK LLC) (PRICED EACH).,80 American Mid-Century burgundy fabric upholstered seat and back auditorium chairs with wooden armrests ending on U shaped steel stackable legs. (BELNICK LLC) (PRICED EACH).,80 American Mid-Century burgundy fabric upholstered seat and back auditorium chairs with wooden armrests ending on U shaped steel stackable legs. (BELNICK LLC) (PRICED EACH).,unchanged-same
product-064282,064282,dimensions,,,,both-empty
product-064282,064282,price,$225,$225,$225,unchanged-same
product-064282,064282,material,,Steel,Steel,filled-from-archive
product-064282,064282,style,Mid-Century,Mid-Century,Mid-Century,unchanged-same
product-064282,064282,period,,,,both-empty
product-064282,064282,availability,Available Qty: 80,Available Qty: 80,Available Qty: 80,unchanged-same
product-028250,028250,title,Art Deco Red Upholstered Seat and High Back Dining Chairs,Art Deco Red Upholstered Seat and High Back Dining Chairs,Art Deco Red Upholstered Seat and High Back Dining Chairs,unchanged-same
product-028250,028250,description,"14 Art Deco Style Dining Chairs with red ""bee"" upholstered seat and high back with bronze sabot feet (PRICED EACH).","14 Art Deco Style Dining Chairs with red ""bee"" upholstered seat and high back with bronze sabot feet (PRICED EACH).","14 Art Deco Style Dining Chairs with red ""bee"" upholstered seat and high back with bronze sabot feet (PRICED EACH).",unchanged-same
product-028250,028250,dimensions,,,,both-empty
product-028250,028250,price,"$2,200","$2,200","$2,200",unchanged-same
product-028250,028250,material,,Upholstered,Upholstered,filled-from-archive
product-028250,028250,style,"Art Deco, Mid-Century","Art Deco, Mid-Century","Art Deco, Mid-Century",unchanged-same
product-028250,028250,period,,,,both-empty
product-028250,028250,availability,Available Qty: 14,Available Qty: 14,Available Qty: 14,unchanged-same
product-nwl8769,NWL8769,title,"Kar Studio Contemporary ""Coffee Curl Up Lounge"" Chair","Kar Studio Contemporary ""Coffee Curl Up Lounge"" Chair","Kar Studio Contemporary ""Coffee Curl Up Lounge"" Chair",unchanged-same
product-nwl8769,NWL8769,description,"SET of 2 Contemporary lounge chair with organically squiggly fiberglass body with an arched seating resembling a curled up body (KAR STUDIO) (PRICED EACH)

This piece is represented by PHILIA and offered in partnership with Reynolds Antique House..","SET of 2 Contemporary lounge chair with organically squiggly fiberglass body with an arched seating resembling a curled up body (KAR STUDIO) (PRICED EACH)

This piece is represented by PHILIA and offered in partnership with NEWEL..","SET of 2 Contemporary lounge chair with organically squiggly fiberglass body with an arched seating resembling a curled up body (KAR STUDIO) (PRICED EACH)

This piece is represented by PHILIA and offered in partnership with Reynolds Antique House..",kept-existing
product-nwl8769,NWL8769,dimensions,,,,both-empty
product-nwl8769,NWL8769,price,"$4,400","$4,400","$4,400",unchanged-same
product-nwl8769,NWL8769,material,,Fiberglass,Fiberglass,filled-from-archive
product-nwl8769,NWL8769,style,Contemporary/Post-War Design,Contemporary/Post-War Design,Contemporary/Post-War Design,unchanged-same
product-nwl8769,NWL8769,period,,,,both-empty
product-nwl8769,NWL8769,availability,Available Qty: 1,Available Qty: 1,Available Qty: 1,unchanged-same
product-nwl8782,NWL8782,title,"Isac Elam Kaid Canadian Contemporary ""Mono Block"" Cement Chair","Isac Elam Kaid Canadian Contemporary ""Mono Block"" Cement Chair","Isac Elam Kaid Canadian Contemporary ""Mono Block"" Cement Chair",unchanged-same
product-nwl8782,NWL8782,description,"SET of 3 Contemporary Mono Block chairs with a monolithic sculptural cement structures with a curved and wedged back rests on a blocky bases (ISAC ELAM KAID)

This piece is represented by PHILIA and offered in partnership with Reynolds Antique House..","SET of 3 Contemporary Mono Block chairs with a monolithic sculptural cement structures with a curved and wedged back rests on a blocky bases (ISAC ELAM KAID)

This piece is represented by PHILIA and offered in partnership with NEWEL..","SET of 3 Contemporary Mono Block chairs with a monolithic sculptural cement structures with a curved and wedged back rests on a blocky bases (ISAC ELAM KAID)

This piece is represented by PHILIA and offered in partnership with Reynolds Antique House..",kept-existing
product-nwl8782,NWL8782,dimensions,,,,both-empty
product-nwl8782,NWL8782,price,"$9,800","$9,800","$9,800",unchanged-same
product-nwl8782,NWL8782,material,,,,both-empty
product-nwl8782,NWL8782,style,Contemporary/Post-War Design,Contemporary/Post-War Design,Contemporary/Post-War Design,unchanged-same
product-nwl8782,NWL8782,period,,,,both-empty
product-nwl8782,NWL8782,availability,Available Qty: 1,Available Qty: 1,Available Qty: 1,unchanged-same
product-nwl8765,NWL8765,title,"Kar Studio Contemporary ""Oracle"" Chair with Gloss Finish","Kar Studio Contemporary ""Oracle"" Chair with Gloss Finish","Kar Studio Contemporary ""Oracle"" Chair with Gloss Finish",unchanged-same
product-nwl8765,NWL8765,description,"Contemporary chair with a triangular rounded edge seating with a lean backrest ending on three slabbed legs, in a gloss finish (KAR STUDIO)

This piece is represented by PHILIA and offered in partnership with Reynolds Antique House..","Contemporary chair with a triangular rounded edge seating with a lean backrest ending on three slabbed legs, in a gloss finish (KAR STUDIO)

This piece is represented by PHILIA and offered in partnership with NEWEL..","Contemporary chair with a triangular rounded edge seating with a lean backrest ending on three slabbed legs, in a gloss finish (KAR STUDIO)

This piece is represented by PHILIA and offered in partnership with Reynolds Antique House..",kept-existing
product-nwl8765,NWL8765,dimensions,,,,both-empty
product-nwl8765,NWL8765,price,"$4,200","$4,200","$4,200",unchanged-same
product-nwl8765,NWL8765,material,,,,both-empty
product-nwl8765,NWL8765,style,Contemporary/Post-War Design,Contemporary/Post-War Design,Contemporary/Post-War Design,unchanged-same
product-nwl8765,NWL8765,period,,,,both-empty
product-nwl8765,NWL8765,availability,Available Qty: 1,Available Qty: 1,Available Qty: 1,unchanged-same
product-nwl8764,NWL8764,title,"Kar Studio Contemporary ""Oracle"" Chair with Matte Finish","Kar Studio Contemporary ""Oracle"" Chair with Matte Finish","Kar Studio Contemporary ""Oracle"" Chair with Matte Finish",unchanged-same
product-nwl8764,NWL8764,description,"Contemporary chair with a triangular rounded edge seating with a lean backrest ending on three slabbed legs, in a matte finish (KAR STUDIO)

This piece is represented by PHILIA and offered in partnership with Reynolds Antique House..","Contemporary chair with a triangular rounded edge seating with a lean backrest ending on three slabbed legs, in a matte finish (KAR STUDIO)

This piece is represented by PHILIA and offered in partnership with NEWEL..","Contemporary chair with a triangular rounded edge seating with a lean backrest ending on three slabbed legs, in a matte finish (KAR STUDIO)

This piece is represented by PHILIA and offered in partnership with Reynolds Antique House..",kept-existing
product-nwl8764,NWL8764,dimensions,,,,both-empty
product-nwl8764,NWL8764,price,"$4,200","$4,200","$4,200",unchanged-same
product-nwl8764,NWL8764,material,,Wood,Wood,filled-from-archive
product-nwl8764,NWL8764,style,Contemporary/Post-War Design,Contemporary/Post-War Design,Contemporary/Post-War Design,unchanged-same
product-nwl8764,NWL8764,period,,,,both-empty
product-nwl8764,NWL8764,availability,Available Qty: 1,Available Qty: 1,Available Qty: 1,unchanged-same
product-057102,057102,title,Country Style Native American Figure,Country Style Native American Figure,Country Style Native American Figure,unchanged-same
product-057102,057102,description,American Country style painted large female Native American figure with headdress holding cigars (1st half 20th Cent) (possibly Boston Carving Co).,American Country style painted large female Native American figure with headdress holding cigars (1st half 20th Cent) (possibly Boston Carving Co).,American Country style painted large female Native American figure with headdress holding cigars (1st half 20th Cent) (possibly Boston Carving Co).,unchanged-same
product-057102,057102,dimensions,,,,both-empty
product-057102,057102,price,"$7,500","$7,500","$7,500",unchanged-same
product-057102,057102,material,,"Carving, painted","Carving, painted",filled-from-archive
product-057102,057102,style,American,American,American,unchanged-same
product-057102,057102,period,,,,both-empty
product-057102,057102,availability,Available Qty: 1,Available Qty: 1,Available Qty: 1,unchanged-same
product-nwl7869,NWL7869,title,"34 Frank Gehry for Knoll ""Hat Trick"" Armchairs","34 Frank Gehry for Knoll ""Hat Trick"" Armchairs","34 Frank Gehry for Knoll ""Hat Trick"" Armchairs",unchanged-same
product-nwl7869,NWL7869,description,34 Contemporary (1990) natural hard maple armchairs constructed with steam bent maple veneer boards joined with thermo-set glue in a ribbon-like design (FRANK GEHRY for KNOLL) (PRICED EACH).,34 Contemporary (1990) natural hard maple armchairs constructed with steam bent maple veneer boards joined with thermo-set glue in a ribbon-like design (FRANK GEHRY for KNOLL) (PRICED EACH).,34 Contemporary (1990) natural hard maple armchairs constructed with steam bent maple veneer boards joined with thermo-set glue in a ribbon-like design (FRANK GEHRY for KNOLL) (PRICED EACH).,unchanged-same
product-nwl7869,NWL7869,dimensions,,,,both-empty
product-nwl7869,NWL7869,price,"$1,850","$1,850","$1,850",unchanged-same
product-nwl7869,NWL7869,material,,Maple,Maple,filled-from-archive
product-nwl7869,NWL7869,style,Contemporary/Post-War Design,Contemporary/Post-War Design,Contemporary/Post-War Design,unchanged-same
product-nwl7869,NWL7869,period,,,,both-empty
product-nwl7869,NWL7869,availability,Available Qty: 34,Available Qty: 34,Available Qty: 34,unchanged-same
product-063799b,063799B,title,French Art-Deco Mahogany Brass Open Back Side Chair,French Art-Deco Mahogany Brass Open Back Side Chair,French Art-Deco Mahogany Brass Open Back Side Chair,unchanged-same
product-063799b,063799B,description,French Art-Deco mahogany brass open back side chair with a red leather seat (matching armchair: 063799A).,French Art-Deco mahogany brass open back side chair with a red leather seat (matching armchair: 063799A).,French Art-Deco mahogany brass open back side chair with a red leather seat (matching armchair: 063799A).,unchanged-same
product-063799b,063799B,dimensions,,,,both-empty
product-063799b,063799B,price,$900,$900,$900,unchanged-same
product-063799b,063799B,material,,,,both-empty
product-063799b,063799B,style,Art Deco,Art Deco,Art Deco,unchanged-same
product-063799b,063799B,period,,,,both-empty
product-063799b,063799B,availability,Available Qty: 1,Available Qty: 1,Available Qty: 1,unchanged-same
product-060272,060272,title,Italian Rococo Green Cupid Figure,Italian Rococo Green Cupid Figure,Italian Rococo Green Cupid Figure,unchanged-same
product-060272,060272,description,Italian Rococo (18th Cent) green painted life size cupid figure with a gold drape and holding a plate.,Italian Rococo (18th Cent) green painted life size cupid figure with a gold drape and holding a plate.,Italian Rococo (18th Cent) green painted life size cupid figure with a gold drape and holding a plate.,unchanged-same
product-060272,060272,dimensions,,,,both-empty
product-060272,060272,price,"$9,500","$9,500","$9,500",unchanged-same
product-060272,060272,material,,"Gold, painted","Gold, painted",filled-from-archive
product-060272,060272,style,Italian,Italian,Italian,unchanged-same
product-060272,060272,period,,,,both-empty
product-060272,060272,availability,Available Qty: 1,Available Qty: 1,Available Qty: 1,unchanged-same
product-nwl6147,NWL6147,title,Italian Rococo Style Ornate Wall Mirror,Italian Rococo Style Ornate Wall Mirror,Italian Rococo Style Ornate Wall Mirror,unchanged-same
product-nwl6147,NWL6147,description,Italian Rococo style wall mirror with a ornate frame of molded off-white plaster curled acanthus leaves.,Italian Rococo style wall mirror with a ornate frame of molded off-white plaster curled acanthus leaves.,Italian Rococo style wall mirror with a ornate frame of molded off-white plaster curled acanthus leaves.,unchanged-same
product-nwl6147,NWL6147,dimensions,,,,both-empty
product-nwl6147,NWL6147,price,"$1,450","$1,450","$1,450",unchanged-same
product-nwl6147,NWL6147,material,,"Mirror, plaster","Mirror, plaster",filled-from-archive
product-nwl6147,NWL6147,style,Italian,Italian,Italian,unchanged-same
product-nwl6147,NWL6147,period,,,,both-empty
product-nwl6147,NWL6147,availability,Available Qty: 1,Available Qty: 1,Available Qty: 1,unchanged-same
product-reg9090a,REG9090A,title,Italian Neo-Classic style (reproduction) cream painted and gilt trim side chair,Italian Neo-Classic style (reproduction) cream painted and gilt trim side chair,Italian Neo-Classic style (reproduction) cream painted and gilt trim side chair,unchanged-same
product-reg9090a,REG9090A,description,"Italian Neo-Classic style (20th Century) cream painted and gilt trim side chair with fluted legs and open geomegtric diamond ""X"" design back with a stretcher and 0ff-white upholstered slip seat (matching armchair: REG9090).","Italian Neo-Classic style (20th Century) cream painted and gilt trim side chair with fluted legs and open geomegtric diamond ""X"" design back with a stretcher and 0ff-white upholstered slip seat (matching armchair: REG9090).","Italian Neo-Classic style (20th Century) cream painted and gilt trim side chair with fluted legs and open geomegtric diamond ""X"" design back with a stretcher and 0ff-white upholstered slip seat (matching armchair: REG9090).",unchanged-same
product-reg9090a,REG9090A,dimensions,,,,both-empty
product-reg9090a,REG9090A,price,"$3,550","$3,550","$3,550",unchanged-same
product-reg9090a,REG9090A,material,,,,both-empty
product-reg9090a,REG9090A,style,Italian,Italian,Italian,unchanged-same
product-reg9090a,REG9090A,period,,,,both-empty
product-reg9090a,REG9090A,availability,Available Qty: 1,Available Qty: 1,Available Qty: 1,unchanged-same
product-reg4086,REG4086,title,Pair of Mid-Century Italian Modern Triangular Orange Upholstered Footstools (manner of Gio Ponti),Pair of Mid-Century Italian Modern Triangular Orange Upholstered Footstools (manner of Gio Ponti),Pair of Mid-Century Italian Modern Triangular Orange Upholstered Footstools (manner of Gio Ponti),unchanged-same
product-reg4086,REG4086,description,"PAIR of Mid-Century Italian Modern triangular footstools, upholstered in plush orange velour, standing on 3 legs with brass casters. (manner of GIO PONTI) (PRICED AS PAIR)(Available in black: REG4086A).","PAIR of Mid-Century Italian Modern triangular footstools, upholstered in plush orange velour, standing on 3 legs with brass casters. (manner of GIO PONTI) (PRICED AS PAIR)(Available in black: REG4086A).","PAIR of Mid-Century Italian Modern triangular footstools, upholstered in plush orange velour, standing on 3 legs with brass casters. (manner of GIO PONTI) (PRICED AS PAIR)(Available in black: REG4086A).",unchanged-same
product-reg4086,REG4086,dimensions,,,,both-empty
product-reg4086,REG4086,price,"$4,400","$4,400","$4,400",unchanged-same
product-reg4086,REG4086,material,,"Brass, fabric, metal, upholstered, velour, wood","Brass, fabric, metal, upholstered, velour, wood",filled-from-archive
product-reg4086,REG4086,style,Mid-Century,Mid-Century,Mid-Century,unchanged-same
product-reg4086,REG4086,period,,,,both-empty
product-reg4086,REG4086,availability,Available Qty: 1,Available Qty: 1,Available Qty: 1,unchanged-same
product-028214,028214,title,Italian Venetian Grotto (19th Cent) silver gilt and polychromed trimmed loveseat,Italian Venetian Grotto (19th Cent) silver gilt and polychromed trimmed loveseat,Italian Venetian Grotto (19th Cent) silver gilt and polychromed trimmed loveseat,unchanged-same
product-028214,028214,description,"Italian Venetian Grotto (19th Century) silver gilt and polychromed trimmed loveseat having a carved double seashell seat and back with dolphin head arms (att: Pauly et Cie, Venice).","Italian Venetian Grotto (19th Century) silver gilt and polychromed trimmed loveseat having a carved double seashell seat and back with dolphin head arms (att: Pauly et Cie, Venice).","Italian Venetian Grotto (19th Century) silver gilt and polychromed trimmed loveseat having a carved double seashell seat and back with dolphin head arms (att: Pauly et Cie, Venice).",unchanged-same
product-028214,028214,dimensions,,,,both-empty
product-028214,028214,price,"$39,500","$39,500","$39,500",unchanged-same
product-028214,028214,material,,"Ash, carved, gilt / giltwood, silver","Ash, carved, gilt / giltwood, silver",filled-from-archive
product-028214,028214,style,Italian,Italian,Italian,unchanged-same
product-028214,028214,period,,,,both-empty
product-028214,028214,availability,Available Qty: 1,Available Qty: 1,Available Qty: 1,unchanged-same
product-duf0598a,DUF0598A,title,3 Warren Platner for Knoll International Mid-Century Steel and Red Upholstery Lounge Chairs,3 Warren Platner for Knoll International Mid-Century Steel and Red Upholstery Lounge Chairs,3 Warren Platner for Knoll International Mid-Century Steel and Red Upholstery Lounge Chairs,unchanged-same
product-duf0598a,DUF0598A,description,"3 American Mid-Century lounge chairs with hourglass forms comprised of shaped steel rods, with fiberglass molded seats enclosed in red textured fabric upholstery with removable seat cushions. (WARREN PLATNER FOR KNOLL INTERNATIONAL)(PRICED EACH).","3 American Mid-Century lounge chairs with hourglass forms comprised of shaped steel rods, with fiberglass molded seats enclosed in red textured fabric upholstery with removable seat cushions. (WARREN PLATNER FOR KNOLL INTERNATIONAL)(PRICED EACH).","3 American Mid-Century lounge chairs with hourglass forms comprised of shaped steel rods, with fiberglass molded seats enclosed in red textured fabric upholstery with removable seat cushions. (WARREN PLATNER FOR KNOLL INTERNATIONAL)(PRICED EACH).",unchanged-same
product-duf0598a,DUF0598A,dimensions,,,,both-empty
product-duf0598a,DUF0598A,price,"$6,000","$6,000","$6,000",unchanged-same
product-duf0598a,DUF0598A,material,,"Fabric, fiberglass, metal, steel, upholstered","Fabric, fiberglass, metal, steel, upholstered",filled-from-archive
product-duf0598a,DUF0598A,style,Mid-Century,Mid-Century,Mid-Century,unchanged-same
product-duf0598a,DUF0598A,period,,,,both-empty
product-duf0598a,DUF0598A,availability,Available Qty: 3,Available Qty: 3,Available Qty: 3,unchanged-same
product-nwl7631,NWL7631,title,Set of 30 American Modern (c.1980&#039;s) Pink Metal and Vinyl Indoor / Outdoor Restaurant Chairs,Set of 30 American Modern (c.1980&#039;s) Pink Metal and Vinyl Indoor / Outdoor Restaurant Chairs,Set of 30 American Modern (c.1980&#039;s) Pink Metal and Vinyl Indoor / Outdoor Restaurant Chairs,unchanged-same
product-nwl7631,NWL7631,description,SET of 30 American modern (c. 1980&#039;s) spoon back pink aluminum dining chairs with metal tubular supports and teal vinyl seat cushion (PRICED EACH).,SET of 30 American modern (c. 1980&#039;s) spoon back pink aluminum dining chairs with metal tubular supports and teal vinyl seat cushion (PRICED EACH).,SET of 30 American modern (c. 1980&#039;s) spoon back pink aluminum dining chairs with metal tubular supports and teal vinyl seat cushion (PRICED EACH).,unchanged-same
product-nwl7631,NWL7631,dimensions,,,,both-empty
product-nwl7631,NWL7631,price,$250,$250,$250,unchanged-same
product-nwl7631,NWL7631,material,,Aluminum,Aluminum,filled-from-archive
product-nwl7631,NWL7631,style,Mid-Century,Mid-Century,Mid-Century,unchanged-same
product-nwl7631,NWL7631,period,,,,both-empty
product-nwl7631,NWL7631,availability,,,,both-empty
product-mto60399b,MTO60399B,title,Customizable French 1940s Style Mahogany Veneer Coffee Table (manner of Maxime Old),Customizable French 1940s Style Mahogany Veneer Coffee Table (manner of Maxime Old),Customizable French 1940s Style Mahogany Veneer Coffee Table (manner of Maxime Old),unchanged-same
product-mto60399b,MTO60399B,description,French 1940s style (modern) brass trim in ribbon mahogany veneer coffee table with a rounded rectangular top over 4 legs & stretcher (style of MAXIME OLD) (DKDA to provide wood sample to match),French 1940s style (modern) brass trim in ribbon mahogany veneer coffee table with a rounded rectangular top over 4 legs & stretcher (style of MAXIME OLD) (DKDA to provide wood sample to match),French 1940s style (modern) brass trim in ribbon mahogany veneer coffee table with a rounded rectangular top over 4 legs & stretcher (style of MAXIME OLD) (DKDA to provide wood sample to match),unchanged-same
product-mto60399b,MTO60399B,dimensions,(standard shown — adjust as needed),(standard shown — adjust as needed),(standard shown — adjust as needed),unchanged-same
product-mto60399b,MTO60399B,price,,,,both-empty
product-mto60399b,MTO60399B,material,,"Brass, mahogany, rosewood, veneer, wood","Brass, mahogany, rosewood, veneer, wood",filled-from-archive
product-mto60399b,MTO60399B,style,Mid-Century,Mid-Century,Mid-Century,unchanged-same
product-mto60399b,MTO60399B,period,,,,both-empty
product-mto60399b,MTO60399B,availability,,,,both-empty
product-nwl2746,NWL2746,title,Pair of Continental Rustic Style Wooden Armchairs with Carved Owl Head Armrests,Pair of Continental Rustic Style Wooden Armchairs with Carved Owl Head Armrests,Pair of Continental Rustic Style Wooden Armchairs with Carved Owl Head Armrests,unchanged-same
product-nwl2746,NWL2746,description,PAIR of Continental Rustic style open armchairs having gold and brown upholstered seat and back with carved owl arm supports (PRICED AS PAIR).,PAIR of Continental Rustic style open armchairs having gold and brown upholstered seat and back with carved owl arm supports (PRICED AS PAIR).,PAIR of Continental Rustic style open armchairs having gold and brown upholstered seat and back with carved owl arm supports (PRICED AS PAIR).,unchanged-same
product-nwl2746,NWL2746,dimensions,,,,both-empty
product-nwl2746,NWL2746,price,"$7,800","$7,800","$7,800",unchanged-same
product-nwl2746,NWL2746,material,,,,both-empty
product-nwl2746,NWL2746,style,French,French,French,unchanged-same
product-nwl2746,NWL2746,period,,,,both-empty
product-nwl2746,NWL2746,availability,Available Qty: 1,Available Qty: 1,Available Qty: 1,unchanged-same
product-dua0034,DUA0034,title,AB Glas and Trä Swedish Mid-Century Tall Teak Framed Entry Mirror,AB Glas and Trä Swedish Mid-Century Tall Teak Framed Entry Mirror,AB Glas and Trä Swedish Mid-Century Tall Teak Framed Entry Mirror,unchanged-same
product-dua0034,DUA0034,description,Mid-Century Tall Teak Framed Entry Mirror (AB GlAS and TRA).,Mid-Century Tall Teak Framed Entry Mirror (AB GlAS and TRA).,Mid-Century Tall Teak Framed Entry Mirror (AB GlAS and TRA).,unchanged-same
product-dua0034,DUA0034,dimensions,,,,both-empty
product-dua0034,DUA0034,price,$950,$950,$950,unchanged-same
product-dua0034,DUA0034,material,,"Glass, steel","Glass, steel",filled-from-archive
product-dua0034,DUA0034,style,Mid-Century,Mid-Century,Mid-Century,unchanged-same
product-dua0034,DUA0034,period,,,,both-empty
product-dua0034,DUA0034,availability,Available Qty: 1,Available Qty: 1,Available Qty: 1,unchanged-same
product-nwl8576,NWL8576,title,African Congo Early 20th Century Male Figure Wrapped in Raffia Burlap,African Congo Early 20th Century Male Figure Wrapped in Raffia Burlap,African Congo Early 20th Century Male Figure Wrapped in Raffia Burlap,unchanged-same
product-nwl8576,NWL8576,description,African Congo 20th-Century hand carved Teke male figure wrapped in a raffia burlap.,African Congo 20th-Century hand carved Teke male figure wrapped in a raffia burlap.,African Congo 20th-Century hand carved Teke male figure wrapped in a raffia burlap.,unchanged-same
product-nwl8576,NWL8576,dimensions,,,,both-empty
product-nwl8576,NWL8576,price,"$1,200","$1,200","$1,200",unchanged-same
product-nwl8576,NWL8576,material,,Wood,Wood,filled-from-archive
product-nwl8576,NWL8576,style,Misc. Style,Misc. Style,Misc. Style,unchanged-same
product-nwl8576,NWL8576,period,,,,both-empty
product-nwl8576,NWL8576,availability,Available Qty: 1,Available Qty: 1,Available Qty: 1,unchanged-same
product-nwl8578,NWL8578,title,African D.R. Congo Reliquary Basket With Four Figures,African D.R. Congo Reliquary Basket With Four Figures,African D.R. Congo Reliquary Basket With Four Figures,unchanged-same
product-nwl8578,NWL8578,description,African D.R Congo reliquary basket with four painted figures with two having red paint pigments and the other having white paint pigments with a spiral horn ascending from the top.,African D.R Congo reliquary basket with four painted figures with two having red paint pigments and the other having white paint pigments with a spiral horn ascending from the top.,African D.R Congo reliquary basket with four painted figures with two having red paint pigments and the other having white paint pigments with a spiral horn ascending from the top.,unchanged-same
product-nwl8578,NWL8578,dimensions,,,,both-empty
product-nwl8578,NWL8578,price,"$3,500","$3,500","$3,500",unchanged-same
product-nwl8578,NWL8578,material,,Wood,Wood,filled-from-archive
product-nwl8578,NWL8578,style,Misc. Style,Misc. Style,Misc. Style,unchanged-same
product-nwl8578,NWL8578,period,,,,both-empty
product-nwl8578,NWL8578,availability,Available Qty: 1,Available Qty: 1,Available Qty: 1,unchanged-same
product-nwl8575,NWL8575,title,African Gabon Mid 20th Century Carved Wooden Ambete Male Figure,African Gabon Mid 20th Century Carved Wooden Ambete Male Figure,African Gabon Mid 20th Century Carved Wooden Ambete Male Figure,unchanged-same
product-nwl8575,NWL8575,description,African Gabon Mid-20th Century hand carved Ambete wooden male figure with a diamond shaped head with red pigments.,African Gabon Mid-20th Century hand carved Ambete wooden male figure with a diamond shaped head with red pigments.,African Gabon Mid-20th Century hand carved Ambete wooden male figure with a diamond shaped head with red pigments.,unchanged-same
product-nwl8575,NWL8575,dimensions,,,,both-empty
product-nwl8575,NWL8575,price,"$1,700","$1,700","$1,700",unchanged-same
product-nwl8575,NWL8575,material,,Wood,Wood,filled-from-archive
product-nwl8575,NWL8575,style,Misc. Style,Misc. Style,Misc. Style,unchanged-same
product-nwl8575,NWL8575,period,,,,both-empty
product-nwl8575,NWL8575,availability,Available Qty: 1,Available Qty: 1,Available Qty: 1,unchanged-same
product-nwl8574,NWL8574,title,African Ivory Coast Wooden Figure of Male with Bowl,African Ivory Coast Wooden Figure of Male with Bowl,African Ivory Coast Wooden Figure of Male with Bowl,unchanged-same
product-nwl8574,NWL8574,description,African Côte d&#039;Ivoire hand carved wooden figure of a Baule male sitting down holding a small bowl with both hands.,African Côte d&#039;Ivoire hand carved wooden figure of a Baule male sitting down holding a small bowl with both hands.,African Côte d&#039;Ivoire hand carved wooden figure of a Baule male sitting down holding a small bowl with both hands.,unchanged-same
product-nwl8574,NWL8574,dimensions,,,,both-empty
product-nwl8574,NWL8574,price,"$1,200","$1,200","$1,200",unchanged-same
product-nwl8574,NWL8574,material,,Wood,Wood,filled-from-archive
product-nwl8574,NWL8574,style,Misc. Style,Misc. Style,Misc. Style,unchanged-same
product-nwl8574,NWL8574,period,,,,both-empty
product-nwl8574,NWL8574,availability,Available Qty: 1,Available Qty: 1,Available Qty: 1,unchanged-same
product-nwl8577,NWL8577,title,African Mali Late 20th Century Carved Wooden Bamana Maternity Figure with Baby,African Mali Late 20th Century Carved Wooden Bamana Maternity Figure with Baby,African Mali Late 20th Century Carved Wooden Bamana Maternity Figure with Baby,unchanged-same
product-nwl8577,NWL8577,description,African Mali late 20th-Century hand carved wooden Bamana maternity figure with a baby on the back.,African Mali late 20th-Century hand carved wooden Bamana maternity figure with a baby on the back.,African Mali late 20th-Century hand carved wooden Bamana maternity figure with a baby on the back.,unchanged-same
product-nwl8577,NWL8577,dimensions,,,,both-empty
product-nwl8577,NWL8577,price,"$1,500","$1,500","$1,500",unchanged-same
product-nwl8577,NWL8577,material,,Wood,Wood,filled-from-archive
product-nwl8577,NWL8577,style,Misc. Style,Misc. Style,Misc. Style,unchanged-same
product-nwl8577,NWL8577,period,,,,both-empty
product-nwl8577,NWL8577,availability,Available Qty: 1,Available Qty: 1,Available Qty: 1,unchanged-same
product-nwl6927,NWL6927,title,African Nigeria 20th Century Carved & Painted Wood Igbo Female Village Guardian Figure,African Nigeria 20th Century Carved & Painted Wood Igbo Female Village Guardian Figure,African Nigeria 20th Century Carved & Painted Wood Igbo Female Village Guardian Figure,unchanged-same
product-nwl6927,NWL6927,description,"African Nigeria 20th Century carved wood Igbo female village guardian painted white with green & grayish blue accents, symmetric features, a decorative grid texture, standing upright, legs slightly spread with both arms pushing away from the body..","African Nigeria 20th Century carved wood Igbo female village guardian painted white with green & grayish blue accents, symmetric features, a decorative grid texture, standing upright, legs slightly spread with both arms pushing away from the body..","African Nigeria 20th Century carved wood Igbo female village guardian painted white with green & grayish blue accents, symmetric features, a decorative grid texture, standing upright, legs slightly spread with both arms pushing away from the body..",unchanged-same
product-nwl6927,NWL6927,dimensions,,,,both-empty
product-nwl6927,NWL6927,price,"$3,800","$3,800","$3,800",unchanged-same
product-nwl6927,NWL6927,material,,"Carved, incised, painted, wood","Carved, incised, painted, wood",filled-from-archive
product-nwl6927,NWL6927,style,Misc. Style,Misc. Style,Misc. Style,unchanged-same
product-nwl6927,NWL6927,period,,,,both-empty
product-nwl6927,NWL6927,availability,Available Qty: 1,Available Qty: 1,Available Qty: 1,unchanged-same
product-jdb073,JDB073,title,African Wooden Fertility God Figure,African Wooden Fertility God Figure,African Wooden Fertility God Figure,unchanged-same
product-jdb073,JDB073,description,African carved wood nude figure of a fertility God (Dongo Mago) with raised hands and standing on an ebonized base (19th Cent).,African carved wood nude figure of a fertility God (Dongo Mago) with raised hands and standing on an ebonized base (19th Cent).,African carved wood nude figure of a fertility God (Dongo Mago) with raised hands and standing on an ebonized base (19th Cent).,unchanged-same
product-jdb073,JDB073,dimensions,,,,both-empty
product-jdb073,JDB073,price,"$16,500","$16,500","$16,500",unchanged-same
product-jdb073,JDB073,material,,"Carved, wood","Carved, wood",filled-from-archive
product-jdb073,JDB073,style,Misc. Style,Misc. Style,Misc. Style,unchanged-same
product-jdb073,JDB073,period,,,,both-empty
product-jdb073,JDB073,availability,Available Qty: 1,Available Qty: 1,Available Qty: 1,unchanged-same
product-reg9075,REG9075,title,American Mid-Century Chrome Wall Mirror,American Mid-Century Chrome Wall Mirror,American Mid-Century Chrome Wall Mirror,unchanged-same
product-reg9075,REG9075,description,American Mid-Century Chrome large horizontal rectangular wall mirror with a pointed pediment top.,American Mid-Century Chrome large horizontal rectangular wall mirror with a pointed pediment top.,American Mid-Century Chrome large horizontal rectangular wall mirror with a pointed pediment top.,unchanged-same
product-reg9075,REG9075,dimensions,,,,both-empty
product-reg9075,REG9075,price,"$6,750","$6,750","$6,750",unchanged-same
product-reg9075,REG9075,material,,,,both-empty
product-reg9075,REG9075,style,Mid-Century,Mid-Century,Mid-Century,unchanged-same
product-reg9075,REG9075,period,,,,both-empty
product-reg9075,REG9075,availability,,,,both-empty
product-nwl9060,NWL9060,title,American Country Style Antique Door Coffee Table,American Country Style Antique Door Coffee Table,American Country Style Antique Door Coffee Table,unchanged-same
product-nwl9060,NWL9060,description,"Bespoke coffee table featuring a reclaimed antique door repurposed as a tabletop, mounted to a custom metal base.","Bespoke coffee table featuring a reclaimed antique door repurposed as a tabletop, mounted to a custom metal base.","Bespoke coffee table featuring a reclaimed antique door repurposed as a tabletop, mounted to a custom metal base.",unchanged-same
product-nwl9060,NWL9060,dimensions,,,,both-empty
product-nwl9060,NWL9060,price,"$1,200","$1,200","$1,200",unchanged-same
product-nwl9060,NWL9060,material,,"Metal, wood","Metal, wood",filled-from-archive
product-nwl9060,NWL9060,style,American,American,American,unchanged-same
product-nwl9060,NWL9060,period,,,,both-empty
product-nwl9060,NWL9060,availability,Available Qty: 1,Available Qty: 1,Available Qty: 1,unchanged-same
product-030601,030601,title,American Federal Gilt Eagle Figure,American Federal Gilt Eagle Figure,American Federal Gilt Eagle Figure,unchanged-same
product-030601,030601,description,American Federal (19th Cent) life size gilt carved eagle figure standing on serpent and round painted base.,American Federal (19th Cent) life size gilt carved eagle figure standing on serpent and round painted base.,American Federal (19th Cent) life size gilt carved eagle figure standing on serpent and round painted base.,unchanged-same
product-030601,030601,dimensions,,,,both-empty
product-030601,030601,price,"$67,500","$67,500","$67,500",unchanged-same
product-030601,030601,material,,"Gilt / giltwood, carved","Gilt / giltwood, carved",filled-from-archive
product-030601,030601,style,American,American,American,unchanged-same
product-030601,030601,period,,,,both-empty
product-030601,030601,availability,Available Qty: 1,Available Qty: 1,Available Qty: 1,unchanged-same
product-nwl8883,NWL8883,title,American Federal Style Small Handpainted Floral Mirror,American Federal Style Small Handpainted Floral Mirror,American Federal Style Small Handpainted Floral Mirror,unchanged-same
product-nwl8883,NWL8883,description,American Federal Style small handpainted mirror with gilded flowers bearing swags on both ends creating a trumeau like frame with rectangular board decorated with floral arrangement on the bottom.,American Federal Style small handpainted mirror with gilded flowers bearing swags on both ends creating a trumeau like frame with rectangular board decorated with floral arrangement on the bottom.,American Federal Style small handpainted mirror with gilded flowers bearing swags on both ends creating a trumeau like frame with rectangular board decorated with floral arrangement on the bottom.,unchanged-same
product-nwl8883,NWL8883,dimensions,,,,both-empty
product-nwl8883,NWL8883,price,"$3,800","$3,800","$3,800",unchanged-same
product-nwl8883,NWL8883,material,,"Mirror, wood","Mirror, wood",filled-from-archive
product-nwl8883,NWL8883,style,American,American,American,unchanged-same
product-nwl8883,NWL8883,period,,,,both-empty
product-nwl8883,NWL8883,availability,Available Qty: 1,Available Qty: 1,Available Qty: 1,unchanged-same
product-063976,063976,title,American Federal Style Tri-Panel Gold Leaf Wall Mirror,American Federal Style Tri-Panel Gold Leaf Wall Mirror,American Federal Style Tri-Panel Gold Leaf Wall Mirror,unchanged-same
product-063976,063976,description,American Federal Revival style gilt wall mirror featuring fluted corinthian pilasters partitioning 3 beveled mirror panes under a pediment with decorative dentil moulding ending in vine scrolls with a carved American bald eagle perched on top (FRIEDMAN BROTHERS).,American Federal Revival style gilt wall mirror featuring fluted corinthian pilasters partitioning 3 beveled mirror panes under a pediment with decorative dentil moulding ending in vine scrolls with a carved American bald eagle perched on top (FRIEDMAN BROTHERS).,American Federal Revival style gilt wall mirror featuring fluted corinthian pilasters partitioning 3 beveled mirror panes under a pediment with decorative dentil moulding ending in vine scrolls with a carved American bald eagle perched on top (FRIEDMAN BROTHERS).,unchanged-same
product-063976,063976,dimensions,,,,both-empty
product-063976,063976,price,"$11,500","$11,500","$11,500",unchanged-same
product-063976,063976,material,,Gilt / giltwood,Gilt / giltwood,filled-from-archive
product-063976,063976,style,American,American,American,unchanged-same
product-063976,063976,period,,,,both-empty
product-063976,063976,availability,Available Qty: 1,Available Qty: 1,Available Qty: 1,unchanged-same
product-nwl6131,NWL6131,title,American Mid-Century Gilt Wall Mirror with Geometric Frame,American Mid-Century Gilt Wall Mirror with Geometric Frame,American Mid-Century Gilt Wall Mirror with Geometric Frame,unchanged-same
product-nwl6131,NWL6131,description,Mid-Century American Hollywood Regency-style rectangular wall mirror featuring inset giltwood geometric circle shaped mirrors framing a central rectangular mirror.,Mid-Century American Hollywood Regency-style rectangular wall mirror featuring inset giltwood geometric circle shaped mirrors framing a central rectangular mirror.,Mid-Century American Hollywood Regency-style rectangular wall mirror featuring inset giltwood geometric circle shaped mirrors framing a central rectangular mirror.,unchanged-same
product-nwl6131,NWL6131,dimensions,,,,both-empty
product-nwl6131,NWL6131,price,"$6,500","$6,500","$6,500",unchanged-same
product-nwl6131,NWL6131,material,,"Mirror, wood","Mirror, wood",filled-from-archive
product-nwl6131,NWL6131,style,Mid-Century,Mid-Century,Mid-Century,unchanged-same
product-nwl6131,NWL6131,period,,,,both-empty
product-nwl6131,NWL6131,availability,Available Qty: 1,Available Qty: 1,Available Qty: 1,unchanged-same
product-nwl7930,NWL7930,title,American Mid-Century Modern Brutalist End Table with Rotating top,American Mid-Century Modern Brutalist End Table with Rotating top,American Mid-Century Modern Brutalist End Table with Rotating top,unchanged-same
product-nwl7930,NWL7930,description,American Mid-Century Modern Brutalist end table with rotating top on a plinth square base.,American Mid-Century Modern Brutalist end table with rotating top on a plinth square base.,American Mid-Century Modern Brutalist end table with rotating top on a plinth square base.,unchanged-same
product-nwl7930,NWL7930,dimensions,,,,both-empty
product-nwl7930,NWL7930,price,"$2,800","$2,800","$2,800",unchanged-same
product-nwl7930,NWL7930,material,,,,both-empty
product-nwl7930,NWL7930,style,Mid-Century,Mid-Century,Mid-Century,unchanged-same
product-nwl7930,NWL7930,period,,,,both-empty
product-nwl7930,NWL7930,availability,,,,both-empty
product-063917,063917,title,American Mid-Century Octagon Shaped Wall Mirror,American Mid-Century Octagon Shaped Wall Mirror,American Mid-Century Octagon Shaped Wall Mirror,unchanged-same
product-063917,063917,description,American Mid-Century wall mirror in a carved giltwood elongated octagonal shape and beveled glass.,American Mid-Century wall mirror in a carved giltwood elongated octagonal shape and beveled glass.,American Mid-Century wall mirror in a carved giltwood elongated octagonal shape and beveled glass.,unchanged-same
product-063917,063917,dimensions,,,,both-empty
product-063917,063917,price,$725,$725,$725,unchanged-same
product-063917,063917,material,,,,both-empty
product-063917,063917,style,Mid-Century,Mid-Century,Mid-Century,unchanged-same
product-063917,063917,period,,,,both-empty
product-063917,063917,availability,Available Qty: 1,Available Qty: 1,Available Qty: 1,unchanged-same
product-059706,059706,title,American Papier-Mache Camel Figure,American Papier-Mache Camel Figure,American Papier-Mache Camel Figure,unchanged-same
product-059706,059706,description,"American life size camel figure standing on a platform base with hollow construction (attr: Luke Saunders Carnival Show, Michigan, Circa 1930).","American life size camel figure standing on a platform base with hollow construction (attr: Luke Saunders Carnival Show, Michigan, Circa 1930).","American life size camel figure standing on a platform base with hollow construction (attr: Luke Saunders Carnival Show, Michigan, Circa 1930).",unchanged-same
product-059706,059706,dimensions,,,,both-empty
product-059706,059706,price,"$16,500","$16,500","$16,500",unchanged-same
product-059706,059706,material,,,,both-empty
product-059706,059706,style,American,American,American,unchanged-same
product-059706,059706,period,,,,both-empty
product-059706,059706,availability,Available Qty: 1,Available Qty: 1,Available Qty: 1,unchanged-same
product-064289,064289,title,American Victorian Red Damask Upholstered Side Chairs,American Victorian Red Damask Upholstered Side Chairs,American Victorian Red Damask Upholstered Side Chairs,unchanged-same
product-064289,064289,description,PAIR of American Victorian side chairs having a red damask upholstered seat with a quatrefoil design engraved on top rails ending on tapered column and baluster legs. (PRICEDD AS PAIR).,PAIR of American Victorian side chairs having a red damask upholstered seat with a quatrefoil design engraved on top rails ending on tapered column and baluster legs. (PRICEDD AS PAIR).,PAIR of American Victorian side chairs having a red damask upholstered seat with a quatrefoil design engraved on top rails ending on tapered column and baluster legs. (PRICEDD AS PAIR).,unchanged-same
product-064289,064289,dimensions,,,,both-empty
product-064289,064289,price,$650,$650,$650,unchanged-same
product-064289,064289,material,,Wood,Wood,filled-from-archive
product-064289,064289,style,American,American,American,unchanged-same
product-064289,064289,period,,,,both-empty
product-064289,064289,availability,Available Qty: 1,Available Qty: 1,Available Qty: 1,unchanged-same
product-028198,028198,title,Asian Hand Carved and Mirrored Console Table,Asian Hand Carved and Mirrored Console Table,Asian Hand Carved and Mirrored Console Table,unchanged-same
product-028198,028198,description,Asian (19/20th Century) -console table with filigree carved herons and floral sides and a shaped bottom shelf under a mirror back.,Asian (19/20th Century) -console table with filigree carved herons and floral sides and a shaped bottom shelf under a mirror back.,Asian (19/20th Century) -console table with filigree carved herons and floral sides and a shaped bottom shelf under a mirror back.,unchanged-same
product-028198,028198,dimensions,,,,both-empty
product-028198,028198,price,"$7,400","$7,400","$7,400",unchanged-same
product-028198,028198,material,,"Carved, mirrored","Carved, mirrored",filled-from-archive
product-028198,028198,style,Asian,Asian,Asian,unchanged-same
product-028198,028198,period,,,,both-empty
product-028198,028198,availability,Available Qty: 1,Available Qty: 1,Available Qty: 1,unchanged-same
product-064316,064316,title,Asian Chinese Ming Style (c. 1970&#039;s) Rosewood Armchair,Asian Chinese Ming Style (c. 1970&#039;s) Rosewood Armchair,Asian Chinese Ming Style (c. 1970&#039;s) Rosewood Armchair,unchanged-same
product-064316,064316,description,Asian Chinese Ming style (c. 1970&#039;s) armchair in rosewood with a horseshoe shaped back having a center slat panel and box form  stretcher.,Asian Chinese Ming style (c. 1970&#039;s) armchair in rosewood with a horseshoe shaped back having a center slat panel and box form  stretcher.,Asian Chinese Ming style (c. 1970&#039;s) armchair in rosewood with a horseshoe shaped back having a center slat panel and box form  stretcher.,unchanged-same
product-064316,064316,dimensions,,,,both-empty
product-064316,064316,price,"$1,450","$1,450","$1,450",unchanged-same
product-064316,064316,material,,Rosewood,Rosewood,filled-from-archive
product-064316,064316,style,Asian,Asian,Asian,unchanged-same
product-064316,064316,period,,,,both-empty
product-064316,064316,availability,,,,both-empty
product-028245,028245,title,Asian rosewood and pearl inlaid rectangular center / davenport table,Asian rosewood and pearl inlaid rectangular center / davenport table,Asian rosewood and pearl inlaid rectangular center / davenport table,unchanged-same
product-028245,028245,description,Asian Burmese (19th Century) rosewood and pearl inlaid rectangular center / davenport table.,Asian Burmese (19th Century) rosewood and pearl inlaid rectangular center / davenport table.,Asian Burmese (19th Century) rosewood and pearl inlaid rectangular center / davenport table.,unchanged-same
product-028245,028245,dimensions,,,,both-empty
product-028245,028245,price,"$12,500","$12,500","$12,500",unchanged-same
product-028245,028245,material,,Rosewood,Rosewood,filled-from-archive
product-028245,028245,style,Asian,Asian,Asian,unchanged-same
product-028245,028245,period,,,,both-empty
product-028245,028245,availability,Available Qty: 1,Available Qty: 1,Available Qty: 1,unchanged-same
product-nwl9029,NWL9029,title,Arno Declercq Belgian Contemporary Wooden Stool,Arno Declercq Belgian Contemporary Wooden Stool,Arno Declercq Belgian Contemporary Wooden Stool,unchanged-same
product-nwl9029,NWL9029,description,"Contemporary ""Cross Stool"" in burned waxed oak in a cross shape base with a burned steel seat top (ARNO DECLERCQ).","Contemporary ""Cross Stool"" in burned waxed oak in a cross shape base with a burned steel seat top (ARNO DECLERCQ).","Contemporary ""Cross Stool"" in burned waxed oak in a cross shape base with a burned steel seat top (ARNO DECLERCQ).",unchanged-same
product-nwl9029,NWL9029,dimensions,,,,both-empty
product-nwl9029,NWL9029,price,"$1,650","$1,650","$1,650",unchanged-same
product-nwl9029,NWL9029,material,,"Oak, steel","Oak, steel",filled-from-archive
product-nwl9029,NWL9029,style,,,,both-empty
product-nwl9029,NWL9029,period,,,,both-empty
product-nwl9029,NWL9029,availability,Available Qty: 1,Available Qty: 1,Available Qty: 1,unchanged-same
product-reg5120a,REG5120A,title,Biedermeier Continental Wall Mirror,Biedermeier Continental Wall Mirror,Biedermeier Continental Wall Mirror,unchanged-same
product-reg5120a,REG5120A,description,German Biedermeier mahogany narrow vertical wall mirror with a pointed pediment top and banded inlaid trim.,German Biedermeier mahogany narrow vertical wall mirror with a pointed pediment top and banded inlaid trim.,German Biedermeier mahogany narrow vertical wall mirror with a pointed pediment top and banded inlaid trim.,unchanged-same
product-reg5120a,REG5120A,dimensions,,,,both-empty
product-reg5120a,REG5120A,price,"$3,750","$3,750","$3,750",unchanged-same
product-reg5120a,REG5120A,material,,,,both-empty
product-reg5120a,REG5120A,style,Biedermeier,Biedermeier,Biedermeier,unchanged-same
product-reg5120a,REG5120A,period,,,,both-empty
product-reg5120a,REG5120A,availability,Available Qty: 1,Available Qty: 1,Available Qty: 1,unchanged-same
product-jdb023,JDB023,title,Chinese Carved Root Deity Figure,Chinese Carved Root Deity Figure,Chinese Carved Root Deity Figure,unchanged-same
product-jdb023,JDB023,description,Asian Chinese (19th Cent) carved root figure of a standing Deity.,Asian Chinese (19th Cent) carved root figure of a standing Deity.,Asian Chinese (19th Cent) carved root figure of a standing Deity.,unchanged-same
product-jdb023,JDB023,dimensions,,,,both-empty
product-jdb023,JDB023,price,"$11,250","$11,250","$11,250",unchanged-same
product-jdb023,JDB023,material,,Carved,Carved,filled-from-archive
product-jdb023,JDB023,style,Asian,Asian,Asian,unchanged-same
product-jdb023,JDB023,period,,,,both-empty
product-jdb023,JDB023,availability,Available Qty: 1,Available Qty: 1,Available Qty: 1,unchanged-same
product-nwl8887,NWL8887,title,Chinese Chippendale Bamboo Side Chairs,Chinese Chippendale Bamboo Side Chairs,Chinese Chippendale Bamboo Side Chairs,unchanged-same
product-nwl8887,NWL8887,description,SET of 4 Chinese Chippendale bamboo side chairs with woven seat (PRICED AS SET) (AVAILABLE EACH).,SET of 4 Chinese Chippendale bamboo side chairs with woven seat (PRICED AS SET) (AVAILABLE EACH).,SET of 4 Chinese Chippendale bamboo side chairs with woven seat (PRICED AS SET) (AVAILABLE EACH).,unchanged-same
product-nwl8887,NWL8887,dimensions,,,,both-empty
product-nwl8887,NWL8887,price,"$5,000","$5,000","$5,000",unchanged-same
product-nwl8887,NWL8887,material,,Bamboo,Bamboo,filled-from-archive
product-nwl8887,NWL8887,style,English,English,English,unchanged-same
product-nwl8887,NWL8887,period,,,,both-empty
product-nwl8887,NWL8887,availability,Available Qty: 1,Available Qty: 1,Available Qty: 1,unchanged-same
product-ago049,AGO049,title,Pair of Chinese Decorated Terra-Cotta Figures,Pair of Chinese Decorated Terra-Cotta Figures,Pair of Chinese Decorated Terra-Cotta Figures,unchanged-same
product-ago049,AGO049,description,PAIR of Asian Chinese style (1960s) decorated terra-cotta life size seated figures in classical dress holding an umbrella (PRICED AS PAIR).,PAIR of Asian Chinese style (1960s) decorated terra-cotta life size seated figures in classical dress holding an umbrella (PRICED AS PAIR).,PAIR of Asian Chinese style (1960s) decorated terra-cotta life size seated figures in classical dress holding an umbrella (PRICED AS PAIR).,unchanged-same
product-ago049,AGO049,dimensions,,,,both-empty
product-ago049,AGO049,price,"$14,500","$14,500","$14,500",unchanged-same
product-ago049,AGO049,material,,,,both-empty
product-ago049,AGO049,style,Asian,Asian,Asian,unchanged-same
product-ago049,AGO049,period,,,,both-empty
product-ago049,AGO049,availability,Available Qty: 1,Available Qty: 1,Available Qty: 1,unchanged-same
product-028252,028252,title,Chinese yellow floral and bird decorated round cashpot,Chinese yellow floral and bird decorated round cashpot,Chinese yellow floral and bird decorated round cashpot,unchanged-same
product-028252,028252,description,Asian Chinese style (mid-20th Century) yellow floral and bird decorated round cashpot.,Asian Chinese style (mid-20th Century) yellow floral and bird decorated round cashpot.,Asian Chinese style (mid-20th Century) yellow floral and bird decorated round cashpot.,unchanged-same
product-028252,028252,dimensions,,,,both-empty
product-028252,028252,price,$445,$445,$445,unchanged-same
product-028252,028252,material,,Porcelain,Porcelain,filled-from-archive
product-028252,028252,style,Asian,Asian,Asian,unchanged-same
product-028252,028252,period,,,,both-empty
product-028252,028252,availability,Available Qty: 1,Available Qty: 1,Available Qty: 1,unchanged-same
product-028251,028251,title,Chinese celadon square jardiniere,Chinese celadon square jardiniere,Chinese celadon square jardiniere,unchanged-same
product-028251,028251,description,Asian Chinese style (mid-20th Century) celadon square shaped jardiniere with a floral design raised on 4 low feet.,Asian Chinese style (mid-20th Century) celadon square shaped jardiniere with a floral design raised on 4 low feet.,Asian Chinese style (mid-20th Century) celadon square shaped jardiniere with a floral design raised on 4 low feet.,unchanged-same
product-028251,028251,dimensions,,,,both-empty
product-028251,028251,price,$675,$675,$675,unchanged-same
product-028251,028251,material,,Porcelain,Porcelain,filled-from-archive
product-028251,028251,style,Asian,Asian,Asian,unchanged-same
product-028251,028251,period,,,,both-empty
product-028251,028251,availability,Available Qty: 1,Available Qty: 1,Available Qty: 1,unchanged-same
product-nwl8888,NWL8888,title,Chinese Chippendale Bamboo and Glass Dining Table,Chinese Chippendale Bamboo and Glass Dining Table,Chinese Chippendale Bamboo and Glass Dining Table,unchanged-same
product-nwl8888,NWL8888,description,Chinese Chippendale Bamboo and Glass Dining Table.,Chinese Chippendale Bamboo and Glass Dining Table.,Chinese Chippendale Bamboo and Glass Dining Table.,unchanged-same
product-nwl8888,NWL8888,dimensions,,,,both-empty
product-nwl8888,NWL8888,price,"$4,200","$4,200","$4,200",unchanged-same
product-nwl8888,NWL8888,material,,Bamboo,Bamboo,filled-from-archive
product-nwl8888,NWL8888,style,English,English,English,unchanged-same
product-nwl8888,NWL8888,period,,,,both-empty
product-nwl8888,NWL8888,availability,Available Qty: 1,Available Qty: 1,Available Qty: 1,unchanged-same
product-nwl9067,NWL9067,title,Contemporary Blue Glass Vase,Contemporary Blue Glass Vase,Contemporary Blue Glass Vase,unchanged-same
product-nwl9067,NWL9067,description,Contemporary handblown blue glass vase.,Contemporary handblown blue glass vase.,Contemporary handblown blue glass vase.,unchanged-same
product-nwl9067,NWL9067,dimensions,,,,both-empty
product-nwl9067,NWL9067,price,$240,$240,$240,unchanged-same
product-nwl9067,NWL9067,material,,Glass,Glass,filled-from-archive
product-nwl9067,NWL9067,style,Contemporary/Post-War Design,Contemporary/Post-War Design,Contemporary/Post-War Design,unchanged-same
product-nwl9067,NWL9067,period,,,,both-empty
product-nwl9067,NWL9067,availability,Available Qty: 1,Available Qty: 1,Available Qty: 1,unchanged-same
product-nwl8847,NWL8847,title,Kura by Marble Balloon Contemporary Brass and Onyx Wall Mirror,Kura by Marble Balloon Contemporary Brass and Onyx Wall Mirror,Kura by Marble Balloon Contemporary Brass and Onyx Wall Mirror,unchanged-same
product-nwl8847,NWL8847,description,Contemporary Post Modern style wall mirror with natural onyx stone set in a brass banded capsule form shape (MARBLE BALLOON).,Contemporary Post Modern style wall mirror with natural onyx stone set in a brass banded capsule form shape (MARBLE BALLOON).,Contemporary Post Modern style wall mirror with natural onyx stone set in a brass banded capsule form shape (MARBLE BALLOON).,unchanged-same
product-nwl8847,NWL8847,dimensions,,,,both-empty
product-nwl8847,NWL8847,price,"$7,400","$7,400","$7,400",unchanged-same
product-nwl8847,NWL8847,material,,Mirror,Mirror,filled-from-archive
product-nwl8847,NWL8847,style,Contemporary/Post-War Design,Contemporary/Post-War Design,Contemporary/Post-War Design,unchanged-same
product-nwl8847,NWL8847,period,,,,both-empty
product-nwl8847,NWL8847,availability,Available Qty: 1,Available Qty: 1,Available Qty: 1,unchanged-same
product-nwl9076,NWL9076,title,Contemporary Ceramic Teapot and Tea Bag Dish Set with Union Jack Design,Contemporary Ceramic Teapot and Tea Bag Dish Set with Union Jack Design,Contemporary Ceramic Teapot and Tea Bag Dish Set with Union Jack Design,unchanged-same
product-nwl9076,NWL9076,description,Contemporary ceramic teapot and tea bag dish set with British flag design.,Contemporary ceramic teapot and tea bag dish set with British flag design.,Contemporary ceramic teapot and tea bag dish set with British flag design.,unchanged-same
product-nwl9076,NWL9076,dimensions,,,,both-empty
product-nwl9076,NWL9076,price,$380,$380,$380,unchanged-same
product-nwl9076,NWL9076,material,,Ceramic,Ceramic,filled-from-archive
product-nwl9076,NWL9076,style,Contemporary/Post-War Design,Contemporary/Post-War Design,Contemporary/Post-War Design,unchanged-same
product-nwl9076,NWL9076,period,,,,both-empty
product-nwl9076,NWL9076,availability,Available Qty: 1,Available Qty: 1,Available Qty: 1,unchanged-same
product-064610,064610,title,Contemporary Dark Wood and Brushed Silver Metal X-Leg Dining Table,Contemporary Dark Wood and Brushed Silver Metal X-Leg Dining Table,Contemporary Dark Wood and Brushed Silver Metal X-Leg Dining Table,unchanged-same
product-064610,064610,description,Contemporary dining / conference table with a rectangular ebonized wood table top supported on two brushed silver metal X-shaped pedestal legs.,Contemporary dining / conference table with a rectangular ebonized wood table top supported on two brushed silver metal X-shaped pedestal legs.,Contemporary dining / conference table with a rectangular ebonized wood table top supported on two brushed silver metal X-shaped pedestal legs.,unchanged-same
product-064610,064610,dimensions,,,,both-empty
product-064610,064610,price,"$7,800","$7,800","$7,800",unchanged-same
product-064610,064610,material,,"Metal, wood","Metal, wood",filled-from-archive
product-064610,064610,style,Contemporary/Post-War Design,Contemporary/Post-War Design,Contemporary/Post-War Design,unchanged-same
product-064610,064610,period,,,,both-empty
product-064610,064610,availability,,,,both-empty
product-nwl8735,NWL8735,title,"Novocastrian English Contemporary ""Egg"" Shaped Wall Mirror","Novocastrian English Contemporary ""Egg"" Shaped Wall Mirror","Novocastrian English Contemporary ""Egg"" Shaped Wall Mirror",unchanged-same
product-nwl8735,NWL8735,description,"Contemporary wall mirror with beveled blackened glass set in a brass frame (NOVOCASTRIAN)

This piece is represented by PHILIA and offered in partnership with Reynolds Antique House

This piece is represented by PHILIA and offered in partnership with Reynolds Antique House..","Contemporary wall mirror with beveled blackened glass set in a brass frame (NOVOCASTRIAN)

This piece is represented by PHILIA and offered in partnership with Newel

This piece is represented by PHILIA and offered in partnership with NEWEL..","Contemporary wall mirror with beveled blackened glass set in a brass frame (NOVOCASTRIAN)

This piece is represented by PHILIA and offered in partnership with Reynolds Antique House

This piece is represented by PHILIA and offered in partnership with Reynolds Antique House..",kept-existing
product-nwl8735,NWL8735,dimensions,,,,both-empty
product-nwl8735,NWL8735,price,"$2,400","$2,400","$2,400",unchanged-same
product-nwl8735,NWL8735,material,,"Brass, mirror","Brass, mirror",filled-from-archive
product-nwl8735,NWL8735,style,Contemporary/Post-War Design,Contemporary/Post-War Design,Contemporary/Post-War Design,unchanged-same
product-nwl8735,NWL8735,period,,,,both-empty
product-nwl8735,NWL8735,availability,Available Qty: 1,Available Qty: 1,Available Qty: 1,unchanged-same
product-nwl9080,NWL9080,title,Contemporary Japanese-Style Black Coffee Table,Contemporary Japanese-Style Black Coffee Table,Contemporary Japanese-Style Black Coffee Table,unchanged-same
product-nwl9080,NWL9080,description,Contemporary Japanese-style black coffee table.,Contemporary Japanese-style black coffee table.,Contemporary Japanese-style black coffee table.,unchanged-same
product-nwl9080,NWL9080,dimensions,,,,both-empty
product-nwl9080,NWL9080,price,"$4,500","$4,500","$4,500",unchanged-same
product-nwl9080,NWL9080,material,,Wood,Wood,filled-from-archive
product-nwl9080,NWL9080,style,Asian,Asian,Asian,unchanged-same
product-nwl9080,NWL9080,period,,,,both-empty
product-nwl9080,NWL9080,availability,Available Qty: 1,Available Qty: 1,Available Qty: 1,unchanged-same
product-nwl9078,NWL9078,title,Contemporary Marble-Top Cafe Table,Contemporary Marble-Top Cafe Table,Contemporary Marble-Top Cafe Table,unchanged-same
product-nwl9078,NWL9078,description,Contemporary marble top bistro table with white top and black iron French-style base.,Contemporary marble top bistro table with white top and black iron French-style base.,Contemporary marble top bistro table with white top and black iron French-style base.,unchanged-same
product-nwl9078,NWL9078,dimensions,,,,both-empty
product-nwl9078,NWL9078,price,$500,$500,$500,unchanged-same
product-nwl9078,NWL9078,material,,Marble,Marble,filled-from-archive
product-nwl9078,NWL9078,style,Art Nouveau,Art Nouveau,Art Nouveau,unchanged-same
product-nwl9078,NWL9078,period,,,,both-empty
product-nwl9078,NWL9078,availability,,,,both-empty
product-nwl8841,NWL8841,title,Mark Strukenboom Dutch Contemporary Once Upon a Time Hypnos Wall Mirror,Mark Strukenboom Dutch Contemporary Once Upon a Time Hypnos Wall Mirror,Mark Strukenboom Dutch Contemporary Once Upon a Time Hypnos Wall Mirror,unchanged-same
product-nwl8841,NWL8841,description,"Contemporary wall mirror featuring polygonal edges ornamented with purple crystals (MARK STRUKENBOOM)

This piece is represented by PHILIA and offered in partnership with Reynolds Antique House..","Contemporary wall mirror featuring polygonal edges ornamented with purple crystals (MARK STRUKENBOOM)

This piece is represented by PHILIA and offered in partnership with NEWEL..","Contemporary wall mirror featuring polygonal edges ornamented with purple crystals (MARK STRUKENBOOM)

This piece is represented by PHILIA and offered in partnership with Reynolds Antique House..",kept-existing
product-nwl8841,NWL8841,dimensions,,,,both-empty
product-nwl8841,NWL8841,price,"$23,500","$23,500","$23,500",unchanged-same
product-nwl8841,NWL8841,material,,,,both-empty
product-nwl8841,NWL8841,style,Contemporary/Post-War Design,Contemporary/Post-War Design,Contemporary/Post-War Design,unchanged-same
product-nwl8841,NWL8841,period,,,,both-empty
product-nwl8841,NWL8841,availability,Available Qty: 1,Available Qty: 1,Available Qty: 1,unchanged-same
product-nwl8770,NWL8770,title,"Kar Studio Contemporary ""White Curl Up Lounge"" Chair","Kar Studio Contemporary ""White Curl Up Lounge"" Chair","Kar Studio Contemporary ""White Curl Up Lounge"" Chair",unchanged-same
product-nwl8770,NWL8770,description,"Contemporary lounge chair with organically squiggly fiberglass body with an arched seating resembling a curled up body (KAR STUDIO)

This piece is represented by PHILIA and offered in partnership with Reynolds Antique House..","Contemporary lounge chair with organically squiggly fiberglass body with an arched seating resembling a curled up body (KAR STUDIO)

This piece is represented by PHILIA and offered in partnership with NEWEL..","Contemporary lounge chair with organically squiggly fiberglass body with an arched seating resembling a curled up body (KAR STUDIO)

This piece is represented by PHILIA and offered in partnership with Reynolds Antique House..",kept-existing
product-nwl8770,NWL8770,dimensions,,,,both-empty
product-nwl8770,NWL8770,price,"$4,400","$4,400","$4,400",unchanged-same
product-nwl8770,NWL8770,material,,Fiberglass,Fiberglass,filled-from-archive
product-nwl8770,NWL8770,style,Contemporary/Post-War Design,Contemporary/Post-War Design,Contemporary/Post-War Design,unchanged-same
product-nwl8770,NWL8770,period,,,,both-empty
product-nwl8770,NWL8770,availability,Available Qty: 1,Available Qty: 1,Available Qty: 1,unchanged-same
product-042326,042326,title,Country Style Wooden Girl Figure,Country Style Wooden Girl Figure,Country Style Wooden Girl Figure,unchanged-same
product-042326,042326,description,American Country style life size wood figure of young girl with light blue and floral decorated dress. (19th Cent.).,American Country style life size wood figure of young girl with light blue and floral decorated dress. (19th Cent.).,American Country style life size wood figure of young girl with light blue and floral decorated dress. (19th Cent.).,unchanged-same
product-042326,042326,dimensions,,,,both-empty
product-042326,042326,price,"$32,500","$32,500","$32,500",unchanged-same
product-042326,042326,material,,Wood,Wood,filled-from-archive
product-042326,042326,style,American,American,American,unchanged-same
product-042326,042326,period,,,,both-empty
product-042326,042326,availability,Available Qty: 1,Available Qty: 1,Available Qty: 1,unchanged-same
product-men017,MEN017,title,Pair of E. Guillemin Bronze Gladiator Figures,Pair of E. Guillemin Bronze Gladiator Figures,Pair of E. Guillemin Bronze Gladiator Figures,unchanged-same
product-men017,MEN017,description,PAIR of French Victorian bronze brown patina standing gladiator figures (Retiarius and Myrmillo) (signed: E. GUILLEMIN).,PAIR of French Victorian bronze brown patina standing gladiator figures (Retiarius and Myrmillo) (signed: E. GUILLEMIN).,PAIR of French Victorian bronze brown patina standing gladiator figures (Retiarius and Myrmillo) (signed: E. GUILLEMIN).,unchanged-same
product-men017,MEN017,dimensions,,,,both-empty
product-men017,MEN017,price,"$27,500","$27,500","$27,500",unchanged-same
product-men017,MEN017,material,,Bronze,Bronze,filled-from-archive
product-men017,MEN017,style,French,French,French,unchanged-same
product-men017,MEN017,period,,,,both-empty
product-men017,MEN017,availability,Available Qty: 1,Available Qty: 1,Available Qty: 1,unchanged-same
product-028213,028213,title,English Art Nouveau mahogany and gilt metal trim wall mirror with shelves,English Art Nouveau mahogany and gilt metal trim wall mirror with shelves,English Art Nouveau mahogany and gilt metal trim wall mirror with shelves,unchanged-same
product-028213,028213,description,English Art Nouveau mahogany wall shelf with a centered beveled rectantular mirror over a 3-section front shelf with gilt metal whiplash design trim and shaped pediment top.,English Art Nouveau mahogany wall shelf with a centered beveled rectantular mirror over a 3-section front shelf with gilt metal whiplash design trim and shaped pediment top.,English Art Nouveau mahogany wall shelf with a centered beveled rectantular mirror over a 3-section front shelf with gilt metal whiplash design trim and shaped pediment top.,unchanged-same
product-028213,028213,dimensions,,,,both-empty
product-028213,028213,price,"$1,850","$1,850","$1,850",unchanged-same
product-028213,028213,material,,,,both-empty
product-028213,028213,style,Art Nouveau,Art Nouveau,Art Nouveau,unchanged-same
product-028213,028213,period,,,,both-empty
product-028213,028213,availability,Available Qty: 1,Available Qty: 1,Available Qty: 1,unchanged-same
product-053838,053838,title,English Country Pine Rooster Figure,English Country Pine Rooster Figure,English Country Pine Rooster Figure,unchanged-same
product-053838,053838,description,English Country style carved stripped pine large rooster figure with saddle on rectangular base. (20th Cent).,English Country style carved stripped pine large rooster figure with saddle on rectangular base. (20th Cent).,English Country style carved stripped pine large rooster figure with saddle on rectangular base. (20th Cent).,unchanged-same
product-053838,053838,dimensions,,,,both-empty
product-053838,053838,price,"$4,250","$4,250","$4,250",unchanged-same
product-053838,053838,material,,"Pine, stripped, carved","Pine, stripped, carved",filled-from-archive
product-053838,053838,style,English,English,English,unchanged-same
product-053838,053838,period,,,,both-empty
product-053838,053838,availability,Available Qty: 1,Available Qty: 1,Available Qty: 1,unchanged-same
product-063930,063930,title,English George I Carved Giltwood Framed Pier Mirror,English George I Carved Giltwood Framed Pier Mirror,English George I Carved Giltwood Framed Pier Mirror,unchanged-same
product-063930,063930,description,English Georgian (18th Century) pier wall mirror with pediment having a carved wild boar over acanthus leaves encased by a shaped scroll & foliate gilt frame surrounding a mirror (NOTE: replaced new mirror).,English Georgian (18th Century) pier wall mirror with pediment having a carved wild boar over acanthus leaves encased by a shaped scroll & foliate gilt frame surrounding a mirror (NOTE: replaced new mirror).,English Georgian (18th Century) pier wall mirror with pediment having a carved wild boar over acanthus leaves encased by a shaped scroll & foliate gilt frame surrounding a mirror (NOTE: replaced new mirror).,unchanged-same
product-063930,063930,dimensions,,,,both-empty
product-063930,063930,price,"$21,000","$21,000","$21,000",unchanged-same
product-063930,063930,material,,"Carved, giltwood, mirror, wood","Carved, giltwood, mirror, wood",filled-from-archive
product-063930,063930,style,English,English,English,unchanged-same
product-063930,063930,period,,,,both-empty
product-063930,063930,availability,Available Qty: 1,Available Qty: 1,Available Qty: 1,unchanged-same
product-nwl8880,NWL8880,title,English Queen Anne Style Chinoiserie Red Wall Mirror,English Queen Anne Style Chinoiserie Red Wall Mirror,English Queen Anne Style Chinoiserie Red Wall Mirror,unchanged-same
product-nwl8880,NWL8880,description,"English Queen Anne style chinoiserie red wall mirror decorated with hand-painted gilt details, including figures and foliate scrollwork.","English Queen Anne style chinoiserie red wall mirror decorated with hand-painted gilt details, including figures and foliate scrollwork.","English Queen Anne style chinoiserie red wall mirror decorated with hand-painted gilt details, including figures and foliate scrollwork.",unchanged-same
product-nwl8880,NWL8880,dimensions,,,,both-empty
product-nwl8880,NWL8880,price,"$6,500","$6,500","$6,500",unchanged-same
product-nwl8880,NWL8880,material,,"Mirror, wood","Mirror, wood",filled-from-archive
product-nwl8880,NWL8880,style,English,English,English,unchanged-same
product-nwl8880,NWL8880,period,,,,both-empty
product-nwl8880,NWL8880,availability,Available Qty: 1,Available Qty: 1,Available Qty: 1,unchanged-same
product-nwl8651,NWL8651,title,English (18th/19th Cent) Walnut Burl Secretary Desk,English (18th/19th Cent) Walnut Burl Secretary Desk,English (18th/19th Cent) Walnut Burl Secretary Desk,unchanged-same
product-nwl8651,NWL8651,description,"English Queen Anne style (18/19th Century) burl walnut bureau / secretary having 2 lower drawers under a slant top interior desk section containing fitted drawers and compartments with an upper section having a 2-section mirrored door with column sides, all resting on cabriole ball and claw legs.","English Queen Anne style (18/19th Century) burl walnut bureau / secretary having 2 lower drawers under a slant top interior desk section containing fitted drawers and compartments with an upper section having a 2-section mirrored door with column sides, all resting on cabriole ball and claw legs.","English Queen Anne style (18/19th Century) burl walnut bureau / secretary having 2 lower drawers under a slant top interior desk section containing fitted drawers and compartments with an upper section having a 2-section mirrored door with column sides, all resting on cabriole ball and claw legs.",unchanged-same
product-nwl8651,NWL8651,dimensions,,,,both-empty
product-nwl8651,NWL8651,price,"$21,500","$21,500","$21,500",unchanged-same
product-nwl8651,NWL8651,material,,"Burl, walnut","Burl, walnut",filled-from-archive
product-nwl8651,NWL8651,style,English,English,English,unchanged-same
product-nwl8651,NWL8651,period,,,,both-empty
product-nwl8651,NWL8651,availability,Available Qty: 1,Available Qty: 1,Available Qty: 1,unchanged-same
product-reg5527,REG5527,title,French Art Deco Floral and Scroll Design Skirted Wrought Iron Wall Mirror,French Art Deco Floral and Scroll Design Skirted Wrought Iron Wall Mirror,French Art Deco Floral and Scroll Design Skirted Wrought Iron Wall Mirror,unchanged-same
product-reg5527,REG5527,description,2 French Art Deco floral and scroll design skirted wrought iron wall mirror in an octagonal horizontal form with bevelled edges (attributed to PAUL KISS) (PRICED EACH) NOTE: 1 frame lacking mirror.,2 French Art Deco floral and scroll design skirted wrought iron wall mirror in an octagonal horizontal form with bevelled edges (attributed to PAUL KISS) (PRICED EACH) NOTE: 1 frame lacking mirror.,2 French Art Deco floral and scroll design skirted wrought iron wall mirror in an octagonal horizontal form with bevelled edges (attributed to PAUL KISS) (PRICED EACH) NOTE: 1 frame lacking mirror.,unchanged-same
product-reg5527,REG5527,dimensions,,,,both-empty
product-reg5527,REG5527,price,"$7,500","$7,500","$7,500",unchanged-same
product-reg5527,REG5527,material,,Iron,Iron,filled-from-archive
product-reg5527,REG5527,style,Art Deco,Art Deco,Art Deco,unchanged-same
product-reg5527,REG5527,period,,,,both-empty
product-reg5527,REG5527,availability,Available Qty: 2,Available Qty: 2,Available Qty: 2,unchanged-same
product-nwl8845,NWL8845,title,Eric Gizard French Contemporary Brown and Beige Upholstered Pierre Sofa,Eric Gizard French Contemporary Brown and Beige Upholstered Pierre Sofa,Eric Gizard French Contemporary Brown and Beige Upholstered Pierre Sofa,unchanged-same
product-nwl8845,NWL8845,description,"French Contemporary \\&#039;Pierre\\&#039; daybed / sofa in a brown and beige Holland & Sherry fabric featuring an organic pebble-like form (ERIC GIZARD)

This piece is represented by PHILIA and offered in partnership with Reynolds Antique House..","French Contemporary \\&#039;Pierre\\&#039; daybed / sofa in a brown and beige Holland & Sherry fabric featuring an organic pebble-like form (ERIC GIZARD)

This piece is represented by PHILIA and offered in partnership with NEWEL..","French Contemporary \\&#039;Pierre\\&#039; daybed / sofa in a brown and beige Holland & Sherry fabric featuring an organic pebble-like form (ERIC GIZARD)

This piece is represented by PHILIA and offered in partnership with Reynolds Antique House..",kept-existing
product-nwl8845,NWL8845,dimensions,,,,both-empty
product-nwl8845,NWL8845,price,"$7,800","$7,800","$7,800",unchanged-same
product-nwl8845,NWL8845,material,,Upholstered,Upholstered,filled-from-archive
product-nwl8845,NWL8845,style,Contemporary/Post-War Design,Contemporary/Post-War Design,Contemporary/Post-War Design,unchanged-same
product-nwl8845,NWL8845,period,,,,both-empty
product-nwl8845,NWL8845,availability,Available Qty: 1,Available Qty: 1,Available Qty: 1,unchanged-same
product-nwl7837,NWL7837,title,SET of 10 Henryot & Cie French Contemporary Custom Upholstered and Molded Plastic Frame Modular Chairs,SET of 10 Henryot & Cie French Contemporary Custom Upholstered and Molded Plastic Frame Modular Chairs,SET of 10 Henryot & Cie French Contemporary Custom Upholstered and Molded Plastic Frame Modular Chairs,unchanged-same
product-nwl7837,NWL7837,description,"SET of 10 French Contemporary (21st Century) custom design modular slipper / side chairs having a textured beige weave upholstered seat and back, connected by a grey molded freeform structure resting on a ""V"" shaped base. (PRICED AS SET / AVAILABLE INDIVIDUALLY) (stamped: HENRYOT & CIE 1867).","SET of 10 French Contemporary (21st Century) custom design modular slipper / side chairs having a textured beige weave upholstered seat and back, connected by a grey molded freeform structure resting on a ""V"" shaped base. (PRICED AS SET / AVAILABLE INDIVIDUALLY) (stamped: HENRYOT & CIE 1867).","SET of 10 French Contemporary (21st Century) custom design modular slipper / side chairs having a textured beige weave upholstered seat and back, connected by a grey molded freeform structure resting on a ""V"" shaped base. (PRICED AS SET / AVAILABLE INDIVIDUALLY) (stamped: HENRYOT & CIE 1867).",unchanged-same
product-nwl7837,NWL7837,dimensions,,,,both-empty
product-nwl7837,NWL7837,price,"$32,500","$32,500","$32,500",unchanged-same
product-nwl7837,NWL7837,material,,Upholstered,Upholstered,filled-from-archive
product-nwl7837,NWL7837,style,Contemporary/Post-War Design,Contemporary/Post-War Design,Contemporary/Post-War Design,unchanged-same
product-nwl7837,NWL7837,period,,,,both-empty
product-nwl7837,NWL7837,availability,Available Qty: 1,Available Qty: 1,Available Qty: 1,unchanged-same
product-nwl9030,NWL9030,title,Gregory Beson Contemporary Walnut and Boucle Daybed,Gregory Beson Contemporary Walnut and Boucle Daybed,Gregory Beson Contemporary Walnut and Boucle Daybed,unchanged-same
product-nwl9030,NWL9030,description,GB201 Daybed is a minimal daybed created by New York-based designer with a polyurethane seat cushion upholstered in Kvadrat boucle fabric (GREGORY BESON).,GB201 Daybed is a minimal daybed created by New York-based designer with a polyurethane seat cushion upholstered in Kvadrat boucle fabric (GREGORY BESON).,GB201 Daybed is a minimal daybed created by New York-based designer with a polyurethane seat cushion upholstered in Kvadrat boucle fabric (GREGORY BESON).,unchanged-same
product-nwl9030,NWL9030,dimensions,,,,both-empty
product-nwl9030,NWL9030,price,"$15,400","$15,400","$15,400",unchanged-same
product-nwl9030,NWL9030,material,,"Upholstered, walnut","Upholstered, walnut",filled-from-archive
product-nwl9030,NWL9030,style,Contemporary/Post-War Design,Contemporary/Post-War Design,Contemporary/Post-War Design,unchanged-same
product-nwl9030,NWL9030,period,,,,both-empty
product-nwl9030,NWL9030,availability,Available Qty: 1,Available Qty: 1,Available Qty: 1,unchanged-same
product-nwl8613,NWL8613,title,English Victorian Style Contemporary Armchair,English Victorian Style Contemporary Armchair,English Victorian Style Contemporary Armchair,unchanged-same
product-nwl8613,NWL8613,description,"English Victorian style contemporary armchair in dark mahogany stained carved wood with button tufted brown wool upholstery, with scrolling arms ending in turned legs.","English Victorian style contemporary armchair in dark mahogany stained carved wood with button tufted brown wool upholstery, with scrolling arms ending in turned legs.","English Victorian style contemporary armchair in dark mahogany stained carved wood with button tufted brown wool upholstery, with scrolling arms ending in turned legs.",unchanged-same
product-nwl8613,NWL8613,dimensions,,,,both-empty
product-nwl8613,NWL8613,price,"$2,000","$2,000","$2,000",unchanged-same
product-nwl8613,NWL8613,material,,"Upholstered, wood, wool","Upholstered, wood, wool",filled-from-archive
product-nwl8613,NWL8613,style,"English, Mid-Century, Contemporary/Post-War Design","English, Mid-Century, Contemporary/Post-War Design","English, Mid-Century, Contemporary/Post-War Design",unchanged-same
product-nwl8613,NWL8613,period,,,,both-empty
product-nwl8613,NWL8613,availability,Available Qty: 1,Available Qty: 1,Available Qty: 1,unchanged-same
product-grs231,GRS231,title,French Folk Oak Eagle Figure,French Folk Oak Eagle Figure,French Folk Oak Eagle Figure,unchanged-same
product-grs231,GRS231,description,French (19th Cent Napoleonic Era) folk art carved oak life size figure of an eagle with out stretched wings perched on a round globe with a marble base..,French (19th Cent Napoleonic Era) folk art carved oak life size figure of an eagle with out stretched wings perched on a round globe with a marble base..,French (19th Cent Napoleonic Era) folk art carved oak life size figure of an eagle with out stretched wings perched on a round globe with a marble base..,unchanged-same
product-grs231,GRS231,dimensions,,,,both-empty
product-grs231,GRS231,price,"$12,500","$12,500","$12,500",unchanged-same
product-grs231,GRS231,material,,"Marble, oak, carved, etched","Marble, oak, carved, etched",filled-from-archive
product-grs231,GRS231,style,French,French,French,unchanged-same
product-grs231,GRS231,period,,,,both-empty
product-grs231,GRS231,availability,Available Qty: 1,Available Qty: 1,Available Qty: 1,unchanged-same
product-nac5186,NAC5186,title,19 Century French Gustavian Style armchair,19 Century French Gustavian Style armchair,19 Century French Gustavian Style armchair,unchanged-same
product-nac5186,NAC5186,description,"19th c., France, carved wood frame painted in white-grey having a curved back transitioning into the armrests ending in carved lion heads, rails with laurel leaf design, upholstered in a pink gingham fabric, resting on two round fluted front legs and two back saber legs, 31""h x 24""w x 20""d, 18.5""h (to seat).","19th c., France, carved wood frame painted in white-grey having a curved back transitioning into the armrests ending in carved lion heads, rails with laurel leaf design, upholstered in a pink gingham fabric, resting on two round fluted front legs and two back saber legs, 31""h x 24""w x 20""d, 18.5""h (to seat).","19th c., France, carved wood frame painted in white-grey having a curved back transitioning into the armrests ending in carved lion heads, rails with laurel leaf design, upholstered in a pink gingham fabric, resting on two round fluted front legs and two back saber legs, 31""h x 24""w x 20""d, 18.5""h (to seat).",unchanged-same
product-nac5186,NAC5186,dimensions,,,,both-empty
product-nac5186,NAC5186,price,"$8,200","$8,200","$8,200",unchanged-same
product-nac5186,NAC5186,material,,,,both-empty
product-nac5186,NAC5186,style,Mid-Century,Mid-Century,Mid-Century,unchanged-same
product-nac5186,NAC5186,period,,,,both-empty
product-nac5186,NAC5186,availability,Available Qty: 1,Available Qty: 1,Available Qty: 1,unchanged-same
product-017291a,017291A,title,French Louis XV Cupid Figure,French Louis XV Cupid Figure,French Louis XV Cupid Figure,unchanged-same
product-017291a,017291A,description,French Louis XV style (19th Cent) painted and gold trimmed figure of cupid with hammer and chisel.,French Louis XV style (19th Cent) painted and gold trimmed figure of cupid with hammer and chisel.,French Louis XV style (19th Cent) painted and gold trimmed figure of cupid with hammer and chisel.,unchanged-same
product-017291a,017291A,dimensions,,,,both-empty
product-017291a,017291A,price,"$12,250","$12,250","$12,250",unchanged-same
product-017291a,017291A,material,,"Gold, painted","Gold, painted",filled-from-archive
product-017291a,017291A,style,French,French,French,unchanged-same
product-017291a,017291A,period,,,,both-empty
product-017291a,017291A,availability,Available Qty: 1,Available Qty: 1,Available Qty: 1,unchanged-same
product-064028,064028,title,Pair of Safavieh Couture French Louis XV Style Porter&#039;s Chairs,Pair of Safavieh Couture French Louis XV Style Porter&#039;s Chairs,Pair of Safavieh Couture French Louis XV Style Porter&#039;s Chairs,unchanged-same
product-064028,064028,description,PAIR of French Louis XV style light oak frame hooded porter style arm chairs with beige linen upholstery (SAFAVIEH COUTURE) (PRICED AS PAIR).,PAIR of French Louis XV style light oak frame hooded porter style arm chairs with beige linen upholstery (SAFAVIEH COUTURE) (PRICED AS PAIR).,PAIR of French Louis XV style light oak frame hooded porter style arm chairs with beige linen upholstery (SAFAVIEH COUTURE) (PRICED AS PAIR).,unchanged-same
product-064028,064028,dimensions,,,,both-empty
product-064028,064028,price,"$4,500","$4,500","$4,500",unchanged-same
product-064028,064028,material,,"Linen, upholstered","Linen, upholstered",filled-from-archive
product-064028,064028,style,"French, Art Deco, Art Nouveau","French, Art Deco, Art Nouveau","French, Art Deco, Art Nouveau",unchanged-same
product-064028,064028,period,,,,both-empty
product-064028,064028,availability,Available Qty: 1,Available Qty: 1,Available Qty: 1,unchanged-same
product-064281,064281,title,Pair of French Louis XVI style Red Velvet Upholstered High Back Armchairs,Pair of French Louis XVI style Red Velvet Upholstered High Back Armchairs,Pair of French Louis XVI style Red Velvet Upholstered High Back Armchairs,unchanged-same
product-064281,064281,description,"PAIR of French Mid Century Louis XVI style red velvet upholstered high back armchairs with streamlined carved details on arms and backrests, carved top rails with floral details ending on fluted legs. (PRICED AS PAIR).","PAIR of French Mid Century Louis XVI style red velvet upholstered high back armchairs with streamlined carved details on arms and backrests, carved top rails with floral details ending on fluted legs. (PRICED AS PAIR).","PAIR of French Mid Century Louis XVI style red velvet upholstered high back armchairs with streamlined carved details on arms and backrests, carved top rails with floral details ending on fluted legs. (PRICED AS PAIR).",unchanged-same
product-064281,064281,dimensions,,,,both-empty
product-064281,064281,price,"$1,200","$1,200","$1,200",unchanged-same
product-064281,064281,material,,"Velvet, wood","Velvet, wood",filled-from-archive
product-064281,064281,style,"French, Mid-Century","French, Mid-Century","French, Mid-Century",unchanged-same
product-064281,064281,period,,,,both-empty
product-064281,064281,availability,,,,both-empty
product-057935a,057935A,title,French Mid-Century Rectangular Gilt Metal and Mirrored End Table,French Mid-Century Rectangular Gilt Metal and Mirrored End Table,French Mid-Century Rectangular Gilt Metal and Mirrored End Table,unchanged-same
product-057935a,057935A,description,French Mid-Century (1940s) rectangular mirrored end table with an eglomise decorated drawer having gilt metal scroll legs and stretcher.(Attributed to RENE DROUET/mirror decorated by ADRIEN EKMAN) (similar table: 057935).,French Mid-Century (1940s) rectangular mirrored end table with an eglomise decorated drawer having gilt metal scroll legs and stretcher.(Attributed to RENE DROUET/mirror decorated by ADRIEN EKMAN) (similar table: 057935).,French Mid-Century (1940s) rectangular mirrored end table with an eglomise decorated drawer having gilt metal scroll legs and stretcher.(Attributed to RENE DROUET/mirror decorated by ADRIEN EKMAN) (similar table: 057935).,unchanged-same
product-057935a,057935A,dimensions,,,,both-empty
product-057935a,057935A,price,"$9,500","$9,500","$9,500",unchanged-same
product-057935a,057935A,material,,Glass,Glass,filled-from-archive
product-057935a,057935A,style,Mid-Century,Mid-Century,Mid-Century,unchanged-same
product-057935a,057935A,period,,,,both-empty
product-057935a,057935A,availability,,,,both-empty
product-058786,058786,title,Hand Painted Tri-fold Peacock Screen,Hand Painted Tri-fold Peacock Screen,Hand Painted Tri-fold Peacock Screen,unchanged-same
product-058786,058786,description,English Victorian style (19/20th Century) pale green painted low 3 panel (fire) screen with a shaped top and decorated with a centered peacock standing a railing with floral decoration.,English Victorian style (19/20th Century) pale green painted low 3 panel (fire) screen with a shaped top and decorated with a centered peacock standing a railing with floral decoration.,English Victorian style (19/20th Century) pale green painted low 3 panel (fire) screen with a shaped top and decorated with a centered peacock standing a railing with floral decoration.,unchanged-same
product-058786,058786,dimensions,,,,both-empty
product-058786,058786,price,"$3,200","$3,200","$3,200",unchanged-same
product-058786,058786,material,,"Painted, wood","Painted, wood",filled-from-archive
product-058786,058786,style,English,English,English,unchanged-same
product-058786,058786,period,,,,both-empty
product-058786,058786,availability,Available Qty: 1,Available Qty: 1,Available Qty: 1,unchanged-same
product-duf0423a,DUF0423A,title,Harvey Probber American Mid-Century Peacock Blue &#039;Gondola&#039; Mahogany Pull Up Side Chair,Harvey Probber American Mid-Century Peacock Blue &#039;Gondola&#039; Mahogany Pull Up Side Chair,Harvey Probber American Mid-Century Peacock Blue &#039;Gondola&#039; Mahogany Pull Up Side Chair,unchanged-same
product-duf0423a,DUF0423A,description,American Mid-Century &#039;Gondola&#039; side chair with a curved mahogany back frame with blue suade upholstered seat back resting on four tapered mahogany tapered turned legs. (HARVEY PROBBER)(Similar pieces: DUF0423-DUF0425).,American Mid-Century &#039;Gondola&#039; side chair with a curved mahogany back frame with blue suade upholstered seat back resting on four tapered mahogany tapered turned legs. (HARVEY PROBBER)(Similar pieces: DUF0423-DUF0425).,American Mid-Century &#039;Gondola&#039; side chair with a curved mahogany back frame with blue suade upholstered seat back resting on four tapered mahogany tapered turned legs. (HARVEY PROBBER)(Similar pieces: DUF0423-DUF0425).,unchanged-same
product-duf0423a,DUF0423A,dimensions,,,,both-empty
product-duf0423a,DUF0423A,price,"$4,500","$4,500","$4,500",unchanged-same
product-duf0423a,DUF0423A,material,,"Fabric, mahogany, upholstered, wood","Fabric, mahogany, upholstered, wood",filled-from-archive
product-duf0423a,DUF0423A,style,Mid-Century,Mid-Century,Mid-Century,unchanged-same
product-duf0423a,DUF0423A,period,,,,both-empty
product-duf0423a,DUF0423A,availability,Available Qty: 1,Available Qty: 1,Available Qty: 1,unchanged-same
product-reg9129,REG9129,title,Italian Mid-Century Ornate Floral Mirror,Italian Mid-Century Ornate Floral Mirror,Italian Mid-Century Ornate Floral Mirror,unchanged-same
product-reg9129,REG9129,description,Italian Mid-Century shaped small wall  /  vanity mirror with Venetian Murano clear glass scroll embellished edges bearing floral appliques.,Italian Mid-Century shaped small wall  /  vanity mirror with Venetian Murano clear glass scroll embellished edges bearing floral appliques.,Italian Mid-Century shaped small wall  /  vanity mirror with Venetian Murano clear glass scroll embellished edges bearing floral appliques.,unchanged-same
product-reg9129,REG9129,dimensions,,,,both-empty
product-reg9129,REG9129,price,$475,$475,$475,unchanged-same
product-reg9129,REG9129,material,,"Glass, mirror","Glass, mirror",filled-from-archive
product-reg9129,REG9129,style,Mid-Century,Mid-Century,Mid-Century,unchanged-same
product-reg9129,REG9129,period,,,,both-empty
product-reg9129,REG9129,availability,Available Qty: 1,Available Qty: 1,Available Qty: 1,unchanged-same
product-nwl8889,NWL8889,title,Italian Mid-Century Murano Ceiling Mount Light,Italian Mid-Century Murano Ceiling Mount Light,Italian Mid-Century Murano Ceiling Mount Light,unchanged-same
product-nwl8889,NWL8889,description,Mid-Century Modern Murano 5-Light Ceiling Mounted Fixture with White and Clear Glass Floral Pendants.,Mid-Century Modern Murano 5-Light Ceiling Mounted Fixture with White and Clear Glass Floral Pendants.,Mid-Century Modern Murano 5-Light Ceiling Mounted Fixture with White and Clear Glass Floral Pendants.,unchanged-same
product-nwl8889,NWL8889,dimensions,,,,both-empty
product-nwl8889,NWL8889,price,"$5,500","$5,500","$5,500",unchanged-same
product-nwl8889,NWL8889,material,,Glass,Glass,filled-from-archive
product-nwl8889,NWL8889,style,"Mid-Century, English","Mid-Century, English","Mid-Century, English",unchanged-same
product-nwl8889,NWL8889,period,,,,both-empty
product-nwl8889,NWL8889,availability,Available Qty: 1,Available Qty: 1,Available Qty: 1,unchanged-same
product-020801c,020801C,title,Pair of Italian Renaissance Oak Pedestal Figures,Pair of Italian Renaissance Oak Pedestal Figures,Pair of Italian Renaissance Oak Pedestal Figures,unchanged-same
product-020801c,020801C,description,PAIR of Italian Renaissance style (19th Cent) carved oak life size pilaster form pedestals of Greek man and woman (torso) on square base with floral carving.,PAIR of Italian Renaissance style (19th Cent) carved oak life size pilaster form pedestals of Greek man and woman (torso) on square base with floral carving.,PAIR of Italian Renaissance style (19th Cent) carved oak life size pilaster form pedestals of Greek man and woman (torso) on square base with floral carving.,unchanged-same
product-020801c,020801C,dimensions,,,,both-empty
product-020801c,020801C,price,"$25,500","$25,500","$25,500",unchanged-same
product-020801c,020801C,material,,"Carved, carving, oak","Carved, carving, oak",filled-from-archive
product-020801c,020801C,style,Italian,Italian,Italian,unchanged-same
product-020801c,020801C,period,,,,both-empty
product-020801c,020801C,availability,Available Qty: 1,Available Qty: 1,Available Qty: 1,unchanged-same
product-009031,009031,title,Pair of Italian Rococo Fruitwood Putti Figures,Pair of Italian Rococo Fruitwood Putti Figures,Pair of Italian Rococo Fruitwood Putti Figures,unchanged-same
product-009031,009031,description,PAIR of hanging Italian Rococo (19th Cent) fruitwood carved putti figures wearing drape..,PAIR of hanging Italian Rococo (19th Cent) fruitwood carved putti figures wearing drape..,PAIR of hanging Italian Rococo (19th Cent) fruitwood carved putti figures wearing drape..,unchanged-same
product-009031,009031,dimensions,,,,both-empty
product-009031,009031,price,"$4,500","$4,500","$4,500",unchanged-same
product-009031,009031,material,,"Carved, fruitwood, wood","Carved, fruitwood, wood",filled-from-archive
product-009031,009031,style,Italian,Italian,Italian,unchanged-same
product-009031,009031,period,,,,both-empty
product-009031,009031,availability,Available Qty: 1,Available Qty: 1,Available Qty: 1,unchanged-same
product-sil078,SIL078,title,Italian Rococo Servant Figure,Italian Rococo Servant Figure,Italian Rococo Servant Figure,unchanged-same
product-sil078,SIL078,description,Italian Rococo style (19th Cent) figure of 18th Century dressed servant hold a tray (as is).,Italian Rococo style (19th Cent) figure of 18th Century dressed servant hold a tray (as is).,Italian Rococo style (19th Cent) figure of 18th Century dressed servant hold a tray (as is).,unchanged-same
product-sil078,SIL078,dimensions,,,,both-empty
product-sil078,SIL078,price,"$4,500","$4,500","$4,500",unchanged-same
product-sil078,SIL078,material,,Metal,Metal,filled-from-archive
product-sil078,SIL078,style,Italian,Italian,Italian,unchanged-same
product-sil078,SIL078,period,,,,both-empty
product-sil078,SIL078,availability,Available Qty: 1,Available Qty: 1,Available Qty: 1,unchanged-same
product-tur012,TUR012,title,Pair of Italian Venetian Majolica Harlequin Figures,Pair of Italian Venetian Majolica Harlequin Figures,Pair of Italian Venetian Majolica Harlequin Figures,unchanged-same
product-tur012,TUR012,description,"PAIR of Italian Venetian style (19/20th Cent) Majolica porcelain male and female harlequin figures each wearing a top hat, striped pants and a red shirt (minor repairs).","PAIR of Italian Venetian style (19/20th Cent) Majolica porcelain male and female harlequin figures each wearing a top hat, striped pants and a red shirt (minor repairs).","PAIR of Italian Venetian style (19/20th Cent) Majolica porcelain male and female harlequin figures each wearing a top hat, striped pants and a red shirt (minor repairs).",unchanged-same
product-tur012,TUR012,dimensions,,,,both-empty
product-tur012,TUR012,price,"$18,500","$18,500","$18,500",unchanged-same
product-tur012,TUR012,material,,Porcelain,Porcelain,filled-from-archive
product-tur012,TUR012,style,Italian,Italian,Italian,unchanged-same
product-tur012,TUR012,period,,,,both-empty
product-tur012,TUR012,availability,Available Qty: 1,Available Qty: 1,Available Qty: 1,unchanged-same
product-064611,064611,title,Italian Venetian Murano Gold Dusted Glass Chandelier,Italian Venetian Murano Gold Dusted Glass Chandelier,Italian Venetian Murano Gold Dusted Glass Chandelier,unchanged-same
product-064611,064611,description,Italian Venetian Murano gold dusted glass 6 scroll & swirl design arm chandelier with applied trim and 6 separate flowers & leaves with a finial bottom..,Italian Venetian Murano gold dusted glass 6 scroll & swirl design arm chandelier with applied trim and 6 separate flowers & leaves with a finial bottom..,Italian Venetian Murano gold dusted glass 6 scroll & swirl design arm chandelier with applied trim and 6 separate flowers & leaves with a finial bottom..,unchanged-same
product-064611,064611,dimensions,,,,both-empty
product-064611,064611,price,"$14,750","$14,750","$14,750",unchanged-same
product-064611,064611,material,,"Glass, gold","Glass, gold",filled-from-archive
product-064611,064611,style,Italian,Italian,Italian,unchanged-same
product-064611,064611,period,,,,both-empty
product-064611,064611,availability,Available Qty: 1,Available Qty: 1,Available Qty: 1,unchanged-same
product-reg3635,REG3635,title,Pair of Italian Venetian Polychromed Figures,Pair of Italian Venetian Polychromed Figures,Pair of Italian Venetian Polychromed Figures,unchanged-same
product-reg3635,REG3635,description,PAIR of Italian Venetian painted figures of young pages with polychromed blue shirts & red shorts and feathered headdress candle stand and supported on an 8 sided ebonized base..,PAIR of Italian Venetian painted figures of young pages with polychromed blue shirts & red shorts and feathered headdress candle stand and supported on an 8 sided ebonized base..,PAIR of Italian Venetian painted figures of young pages with polychromed blue shirts & red shorts and feathered headdress candle stand and supported on an 8 sided ebonized base..,unchanged-same
product-reg3635,REG3635,dimensions,,,,both-empty
product-reg3635,REG3635,price,"$18,500","$18,500","$18,500",unchanged-same
product-reg3635,REG3635,material,,,,both-empty
product-reg3635,REG3635,style,Italian,Italian,Italian,unchanged-same
product-reg3635,REG3635,period,,,,both-empty
product-reg3635,REG3635,availability,Available Qty: 1,Available Qty: 1,Available Qty: 1,unchanged-same
product-051125,051125,title,Pair of Japanese Bronze Elephant Pagoda Figures,Pair of Japanese Bronze Elephant Pagoda Figures,Pair of Japanese Bronze Elephant Pagoda Figures,unchanged-same
product-051125,051125,description,PAIR of Asian Japanese style (19th Century) bronze elephant figures supporting a serpent topped three tier pagoda. (PRICED AS PAIR).,PAIR of Asian Japanese style (19th Century) bronze elephant figures supporting a serpent topped three tier pagoda. (PRICED AS PAIR).,PAIR of Asian Japanese style (19th Century) bronze elephant figures supporting a serpent topped three tier pagoda. (PRICED AS PAIR).,unchanged-same
product-051125,051125,dimensions,,,,both-empty
product-051125,051125,price,"$54,000","$54,000","$54,000",unchanged-same
product-051125,051125,material,,"Bronze, metal","Bronze, metal",filled-from-archive
product-051125,051125,style,Asian,Asian,Asian,unchanged-same
product-051125,051125,period,,,,both-empty
product-051125,051125,availability,Available Qty: 1,Available Qty: 1,Available Qty: 1,unchanged-same
product-030152b,030152B,title,Pair of Javanese Carved Teak Figures,Pair of Javanese Carved Teak Figures,Pair of Javanese Carved Teak Figures,unchanged-same
product-030152b,030152B,description,PAIR of Asian Javanese (19/20th Cent) carved teak large figures with drape over shoulder and sword..,PAIR of Asian Javanese (19/20th Cent) carved teak large figures with drape over shoulder and sword..,PAIR of Asian Javanese (19/20th Cent) carved teak large figures with drape over shoulder and sword..,unchanged-same
product-030152b,030152B,dimensions,,,,both-empty
product-030152b,030152B,price,"$21,500","$21,500","$21,500",unchanged-same
product-030152b,030152B,material,,"Carved, teak","Carved, teak",filled-from-archive
product-030152b,030152B,style,Asian,Asian,Asian,unchanged-same
product-030152b,030152B,period,,,,both-empty
product-030152b,030152B,availability,Available Qty: 1,Available Qty: 1,Available Qty: 1,unchanged-same
product-nwl7418,NWL7418,title,Judaica Silver Plated Ceremonial Kiddush Cup,Judaica Silver Plated Ceremonial Kiddush Cup,Judaica Silver Plated Ceremonial Kiddush Cup,unchanged-same
product-nwl7418,NWL7418,description,SET of 6 Vintage silver plated ceremonial cups with Hebrew inscribed banding (PRICED AS SET).,SET of 6 Vintage silver plated ceremonial cups with Hebrew inscribed banding (PRICED AS SET).,SET of 6 Vintage silver plated ceremonial cups with Hebrew inscribed banding (PRICED AS SET).,unchanged-same
product-nwl7418,NWL7418,dimensions,,,,both-empty
product-nwl7418,NWL7418,price,$450,$450,$450,unchanged-same
product-nwl7418,NWL7418,material,,Silver,Silver,filled-from-archive
product-nwl7418,NWL7418,style,Mid-Century,Mid-Century,Mid-Century,unchanged-same
product-nwl7418,NWL7418,period,,,,both-empty
product-nwl7418,NWL7418,availability,Available Qty: 1,Available Qty: 1,Available Qty: 1,unchanged-same
product-nwl6048,NWL6048,title,American Contemporary Karl Springer Style Goatskin Parchment and Shagreen Armchair,American Contemporary Karl Springer Style Goatskin Parchment and Shagreen Armchair,American Contemporary Karl Springer Style Goatskin Parchment and Shagreen Armchair,unchanged-same
product-nwl6048,NWL6048,description,"American Mid-Century style ""Onassis"" armchair with a curved back frame of lacquered goatskin with a brown shagreen seat cushion (Style of KARL SPRINGER).","American Mid-Century style ""Onassis"" armchair with a curved back frame of lacquered goatskin with a brown shagreen seat cushion (Style of KARL SPRINGER).","American Mid-Century style ""Onassis"" armchair with a curved back frame of lacquered goatskin with a brown shagreen seat cushion (Style of KARL SPRINGER).",unchanged-same
product-nwl6048,NWL6048,dimensions,,,,both-empty
product-nwl6048,NWL6048,price,"$3,500","$3,500","$3,500",unchanged-same
product-nwl6048,NWL6048,material,,"Parchment, shagreen","Parchment, shagreen",filled-from-archive
product-nwl6048,NWL6048,style,"Mid-Century, Contemporary/Post-War Design","Mid-Century, Contemporary/Post-War Design","Mid-Century, Contemporary/Post-War Design",unchanged-same
product-nwl6048,NWL6048,period,,,,both-empty
product-nwl6048,NWL6048,availability,Available Qty: 1,Available Qty: 1,Available Qty: 1,unchanged-same
product-duf0447a,DUF0447A,title,"Pair of Katavolos, Littell & Kelley for Laverne Mid-Century Chrome and Leather Sling Lounge Chairs","Pair of Katavolos, Littell & Kelley for Laverne Mid-Century Chrome and Leather Sling Lounge Chairs","Pair of Katavolos, Littell & Kelley for Laverne Mid-Century Chrome and Leather Sling Lounge Chairs",unchanged-same
product-duf0447a,DUF0447A,description,"PAIR of Mid-Century Modern sling lounge chairs with polished chrome frames with an X-shaped stretcher beneath a leather sling seat and back. (KATAVOLOS, LITTELL, & KELLEY FOR LAVERNE)( PRICED AS PAIR).","PAIR of Mid-Century Modern sling lounge chairs with polished chrome frames with an X-shaped stretcher beneath a leather sling seat and back. (KATAVOLOS, LITTELL, & KELLEY FOR LAVERNE)( PRICED AS PAIR).","PAIR of Mid-Century Modern sling lounge chairs with polished chrome frames with an X-shaped stretcher beneath a leather sling seat and back. (KATAVOLOS, LITTELL, & KELLEY FOR LAVERNE)( PRICED AS PAIR).",unchanged-same
product-duf0447a,DUF0447A,dimensions,,,,both-empty
product-duf0447a,DUF0447A,price,"$14,000","$14,000","$14,000",unchanged-same
product-duf0447a,DUF0447A,material,,"Chrome, leather, metal","Chrome, leather, metal",filled-from-archive
product-duf0447a,DUF0447A,style,Mid-Century,Mid-Century,Mid-Century,unchanged-same
product-duf0447a,DUF0447A,period,,,,both-empty
product-duf0447a,DUF0447A,availability,Available Qty: 1,Available Qty: 1,Available Qty: 1,unchanged-same
product-mto011,MTO011,title,Customizable Modern Blue Lacquer Greek Key Design Wall Mirror,Customizable Modern Blue Lacquer Greek Key Design Wall Mirror,Customizable Modern Blue Lacquer Greek Key Design Wall Mirror,unchanged-same
product-mto011,MTO011,description,Italian Neoclassic-style (21st Century) blue painted lacquer wall mirror with a parcel gilt Greek key design frame. (CAN BE MADE IN CUSTOM SIZE AND COLOR) (PRICED EACH),Italian Neoclassic-style (21st Century) blue painted lacquer wall mirror with a parcel gilt Greek key design frame. (CAN BE MADE IN CUSTOM SIZE AND COLOR) (PRICED EACH),Italian Neoclassic-style (21st Century) blue painted lacquer wall mirror with a parcel gilt Greek key design frame. (CAN BE MADE IN CUSTOM SIZE AND COLOR) (PRICED EACH),unchanged-same
product-mto011,MTO011,dimensions,(standard shown — adjust as needed),(standard shown — adjust as needed),(standard shown — adjust as needed),unchanged-same
product-mto011,MTO011,price,,,,both-empty
product-mto011,MTO011,material,,"Lacquered, wood","Lacquered, wood",filled-from-archive
product-mto011,MTO011,style,Contemporary/Post-War Design,Contemporary/Post-War Design,Contemporary/Post-War Design,unchanged-same
product-mto011,MTO011,period,,,,both-empty
product-mto011,MTO011,availability,,,,both-empty
product-mto60396,MTO60396,title,French 1940s style Modern Mahogany Veneered Console Table,French 1940s style Modern Mahogany Veneered Console Table,French 1940s style Modern Mahogany Veneered Console Table,unchanged-same
product-mto60396,MTO60396,description,"French 1940s-style (modern) mahogany veneered console tables with a rounded rectangular top on a pair of ""L"" form legs and stretcher with bronze trim (manner of MAXIM OLD) (PRICED EACH) (Reynolds Antique House MODERN COLLECTION)","French 1940s-style (modern) mahogany veneered console tables with a rounded rectangular top on a pair of ""L"" form legs and stretcher with bronze trim (manner of MAXIM OLD) (PRICED EACH) (NEWEL MODERN COLLECTION)","French 1940s-style (modern) mahogany veneered console tables with a rounded rectangular top on a pair of ""L"" form legs and stretcher with bronze trim (manner of MAXIM OLD) (PRICED EACH) (Reynolds Antique House MODERN COLLECTION)",kept-existing
product-mto60396,MTO60396,dimensions,(standard shown — adjust as needed),(standard shown — adjust as needed),(standard shown — adjust as needed),unchanged-same
product-mto60396,MTO60396,price,,,,both-empty
product-mto60396,MTO60396,material,,"Bronze, mahogany, rosewood, veneer","Bronze, mahogany, rosewood, veneer",filled-from-archive
product-mto60396,MTO60396,style,Mid-Century,Mid-Century,Mid-Century,unchanged-same
product-mto60396,MTO60396,period,,,,both-empty
product-mto60396,MTO60396,availability,,,,both-empty
product-mto62261a,MTO62261A,title,Customizable French Mid-Century Sycamore Console Table,Customizable French Mid-Century Sycamore Console Table,Customizable French Mid-Century Sycamore Console Table,unchanged-same
product-mto62261a,MTO62261A,description,"French Mid-Century (1940s) sycamore shaped top console table with shelf and bronze capital trim on legs (MADE TO ORDER, CUSTOM SIZE AND COLOR AVAILABLE) (Reynolds Antique House MODEREN COLLECTION)","French Mid-Century (1940s) sycamore shaped top console table with shelf and bronze capital trim on legs (MADE TO ORDER, CUSTOM SIZE AND COLOR AVAILABLE) (NEWEL MODEREN COLLECTION)","French Mid-Century (1940s) sycamore shaped top console table with shelf and bronze capital trim on legs (MADE TO ORDER, CUSTOM SIZE AND COLOR AVAILABLE) (Reynolds Antique House MODEREN COLLECTION)",kept-existing
product-mto62261a,MTO62261A,dimensions,(standard shown — adjust as needed),(standard shown — adjust as needed),(standard shown — adjust as needed),unchanged-same
product-mto62261a,MTO62261A,price,,,,both-empty
product-mto62261a,MTO62261A,material,,"Bronze, sycamore","Bronze, sycamore",filled-from-archive
product-mto62261a,MTO62261A,style,Mid-Century,Mid-Century,Mid-Century,unchanged-same
product-mto62261a,MTO62261A,period,,,,both-empty
product-mto62261a,MTO62261A,availability,,,,both-empty
product-064637,064637,title,"Mason Chamberlain (attrib), oil on canvas,","Mason Chamberlain (attrib), oil on canvas,","Mason Chamberlain (attrib), oil on canvas,",unchanged-same
product-064637,064637,description,"Attributed to Mason Chamberlain (English, 1727-1787), possibly an unfinished portrait of English writer and printer Samuel Richardson (c. 1689 - 1761), unsigned, mounted on stretchers, 50""h x 40.5""w

Provenance: Artworks from a Manhattan collection.","Attributed to Mason Chamberlain (English, 1727-1787), possibly an unfinished portrait of English writer and printer Samuel Richardson (c. 1689 - 1761), unsigned, mounted on stretchers, 50""h x 40.5""w

Provenance: Artworks from a Manhattan collection.","Attributed to Mason Chamberlain (English, 1727-1787), possibly an unfinished portrait of English writer and printer Samuel Richardson (c. 1689 - 1761), unsigned, mounted on stretchers, 50""h x 40.5""w

Provenance: Artworks from a Manhattan collection.",unchanged-same
product-064637,064637,dimensions,,,,both-empty
product-064637,064637,price,"$12,000","$12,000","$12,000",unchanged-same
product-064637,064637,material,,,,both-empty
product-064637,064637,style,,,,both-empty
product-064637,064637,period,,,,both-empty
product-064637,064637,availability,Available Qty: 1,Available Qty: 1,Available Qty: 1,unchanged-same
product-060457,060457,title,Michel Decoux Bronze Gladiator Figure,Michel Decoux Bronze Gladiator Figure,Michel Decoux Bronze Gladiator Figure,unchanged-same
product-060457,060457,description,"French Art Deco bronze group of a kneeling gladiator poised to spear a charging panther on a black marble base (signed:  MICHEL DECOUX, bronze).","French Art Deco bronze group of a kneeling gladiator poised to spear a charging panther on a black marble base (signed:  MICHEL DECOUX, bronze).","French Art Deco bronze group of a kneeling gladiator poised to spear a charging panther on a black marble base (signed:  MICHEL DECOUX, bronze).",unchanged-same
product-060457,060457,dimensions,,,,both-empty
product-060457,060457,price,"$18,500","$18,500","$18,500",unchanged-same
product-060457,060457,material,,"Bronze, marble","Bronze, marble",filled-from-archive
product-060457,060457,style,Art Deco,Art Deco,Art Deco,unchanged-same
product-060457,060457,period,,,,both-empty
product-060457,060457,availability,Available Qty: 1,Available Qty: 1,Available Qty: 1,unchanged-same
product-028167,028167,title,Middle Eastern style ebonized stool with tapestry round seat,Middle Eastern style ebonized stool with tapestry round seat,Middle Eastern style ebonized stool with tapestry round seat,unchanged-same
product-028167,028167,description,Middle Eastern style ebonized stool with geometric red and green painted carving below a tapestry upholstered round seat (signed on leg).,Middle Eastern style ebonized stool with geometric red and green painted carving below a tapestry upholstered round seat (signed on leg).,Middle Eastern style ebonized stool with geometric red and green painted carving below a tapestry upholstered round seat (signed on leg).,unchanged-same
product-028167,028167,dimensions,,,,both-empty
product-028167,028167,price,$675,$675,$675,unchanged-same
product-028167,028167,material,,,,both-empty
product-028167,028167,style,"French, Middle Eastern","French, Middle Eastern","French, Middle Eastern",unchanged-same
product-028167,028167,period,,,,both-empty
product-028167,028167,availability,Available Qty: 1,Available Qty: 1,Available Qty: 1,unchanged-same
product-misc001aap,MISC001AAP,title,Contemporary dining table with a rectangular dark wood table top with two brushed silver metal X-shaped legs.,Contemporary dining table with a rectangular dark wood table top with two brushed silver metal X-shaped legs.,Contemporary dining table with a rectangular dark wood table top with two brushed silver metal X-shaped legs.,unchanged-same
product-misc001aap,MISC001AAP,description,Repair cost for damage to top veneer.,Repair cost for damage to top veneer.,Repair cost for damage to top veneer.,unchanged-same
product-misc001aap,MISC001AAP,dimensions,,,,both-empty
product-misc001aap,MISC001AAP,price,"$1,000","$1,000","$1,000",unchanged-same
product-misc001aap,MISC001AAP,material,,Mahogany,Mahogany,filled-from-archive
product-misc001aap,MISC001AAP,style,English,English,English,unchanged-same
product-misc001aap,MISC001AAP,period,,,,both-empty
product-misc001aap,MISC001AAP,availability,Available Qty: 1,Available Qty: 1,Available Qty: 1,unchanged-same
product-nac1093,NAC1093,title,Large Bagues rock crystal Chandelier (re-attach finial and replace missing crystal),Large Bagues rock crystal Chandelier (re-attach finial and replace missing crystal),Large Bagues rock crystal Chandelier (re-attach finial and replace missing crystal),unchanged-same
product-nac1093,NAC1093,description,Large Bagues rock crystal Chandelier (re-attach finial and replace missing crystal).,Large Bagues rock crystal Chandelier (re-attach finial and replace missing crystal).,Large Bagues rock crystal Chandelier (re-attach finial and replace missing crystal).,unchanged-same
product-nac1093,NAC1093,dimensions,,,,both-empty
product-nac1093,NAC1093,price,"$42,000","$42,000","$42,000",unchanged-same
product-nac1093,NAC1093,material,,,,both-empty
product-nac1093,NAC1093,style,Art Deco,Art Deco,Art Deco,unchanged-same
product-nac1093,NAC1093,period,,,,both-empty
product-nac1093,NAC1093,availability,Available Qty: 1,Available Qty: 1,Available Qty: 1,unchanged-same
product-nac1146,NAC1146,title,"Pair regency caned, rosewood spoonback chairs","Pair regency caned, rosewood spoonback chairs","Pair regency caned, rosewood spoonback chairs",unchanged-same
product-nac1146,NAC1146,description,"Pair regency caned, rosewood spoonback chairs with leapord upholstery.","Pair regency caned, rosewood spoonback chairs with leapord upholstery.","Pair regency caned, rosewood spoonback chairs with leapord upholstery.",unchanged-same
product-nac1146,NAC1146,dimensions,,,,both-empty
product-nac1146,NAC1146,price,"$26,000","$26,000","$26,000",unchanged-same
product-nac1146,NAC1146,material,,,,both-empty
product-nac1146,NAC1146,style,,,,both-empty
product-nac1146,NAC1146,period,,,,both-empty
product-nac1146,NAC1146,availability,Available Qty: 1,Available Qty: 1,Available Qty: 1,unchanged-same
product-nac1447,NAC1447,title,Engish Chippendale style (20th Century) wing back arm chairs,Engish Chippendale style (20th Century) wing back arm chairs,Engish Chippendale style (20th Century) wing back arm chairs,unchanged-same
product-nac1447,NAC1447,description,PAIR of Engish Chippendale style (20th Century) wing back arm chairs with carved mahogany ball and claw front legs with a beige and off white striped upholstery (PRICED AS PAIR).,PAIR of Engish Chippendale style (20th Century) wing back arm chairs with carved mahogany ball and claw front legs with a beige and off white striped upholstery (PRICED AS PAIR).,PAIR of Engish Chippendale style (20th Century) wing back arm chairs with carved mahogany ball and claw front legs with a beige and off white striped upholstery (PRICED AS PAIR).,unchanged-same
product-nac1447,NAC1447,dimensions,,,,both-empty
product-nac1447,NAC1447,price,"$3,500","$3,500","$3,500",unchanged-same
product-nac1447,NAC1447,material,,,,both-empty
product-nac1447,NAC1447,style,English,English,English,unchanged-same
product-nac1447,NAC1447,period,,,,both-empty
product-nac1447,NAC1447,availability,Available Qty: 1,Available Qty: 1,Available Qty: 1,unchanged-same
product-duf0385a,DUF0385A,title,"Norbert Brunner, ""I Think, Therefore You Are"". (2025)","Norbert Brunner, ""I Think, Therefore You Are"". (2025)","Norbert Brunner, ""I Think, Therefore You Are"". (2025)",unchanged-same
product-duf0385a,DUF0385A,description,"Ready made sculptural installation with etagere. Chrome, acrylic, glass, Swarovski crystals. 2025.","Ready made sculptural installation with etagere. Chrome, acrylic, glass, Swarovski crystals. 2025.","Ready made sculptural installation with etagere. Chrome, acrylic, glass, Swarovski crystals. 2025.",unchanged-same
product-duf0385a,DUF0385A,dimensions,,,,both-empty
product-duf0385a,DUF0385A,price,"$35,000","$35,000","$35,000",unchanged-same
product-duf0385a,DUF0385A,material,,"Chrome, crystal, glass, mirror, plexiglass","Chrome, crystal, glass, mirror, plexiglass",filled-from-archive
product-duf0385a,DUF0385A,style,Mid-Century,Mid-Century,Mid-Century,unchanged-same
product-duf0385a,DUF0385A,period,,,,both-empty
product-duf0385a,DUF0385A,availability,,,,both-empty
product-010298b,010298B,title,Outdoor French White Iron Folding Armchair,Outdoor French White Iron Folding Armchair,Outdoor French White Iron Folding Armchair,unchanged-same
product-010298b,010298B,description,Outdoor French (19th-20th Century) folding white painted iron arm chair with scroll designs and narrow slat wood seat and back.,Outdoor French (19th-20th Century) folding white painted iron arm chair with scroll designs and narrow slat wood seat and back.,Outdoor French (19th-20th Century) folding white painted iron arm chair with scroll designs and narrow slat wood seat and back.,unchanged-same
product-010298b,010298B,dimensions,,,,both-empty
product-010298b,010298B,price,"$1,250","$1,250","$1,250",unchanged-same
product-010298b,010298B,material,,"Iron, iron / wrought iron, metal, slat","Iron, iron / wrought iron, metal, slat",filled-from-archive
product-010298b,010298B,style,"French, Outdoor","French, Outdoor","French, Outdoor",unchanged-same
product-010298b,010298B,period,,,,both-empty
product-010298b,010298B,availability,Available Qty: 1,Available Qty: 1,Available Qty: 1,unchanged-same
product-nwl2745,NWL2745,title,Pair of Contemporary Style Zebra Print Arm Chairs,Pair of Contemporary Style Zebra Print Arm Chairs,Pair of Contemporary Style Zebra Print Arm Chairs,unchanged-same
product-nwl2745,NWL2745,description,PAIR of Contemporary armchairs with large flared scroll design arms  with gold painted wooden frames and upholstered in a royal zebra print (PRICED AS PAIR).,PAIR of Contemporary armchairs with large flared scroll design arms  with gold painted wooden frames and upholstered in a royal zebra print (PRICED AS PAIR).,PAIR of Contemporary armchairs with large flared scroll design arms  with gold painted wooden frames and upholstered in a royal zebra print (PRICED AS PAIR).,unchanged-same
product-nwl2745,NWL2745,dimensions,,,,both-empty
product-nwl2745,NWL2745,price,"$7,850","$7,850","$7,850",unchanged-same
product-nwl2745,NWL2745,material,,Fabric,Fabric,filled-from-archive
product-nwl2745,NWL2745,style,Mid-Century,Mid-Century,Mid-Century,unchanged-same
product-nwl2745,NWL2745,period,,,,both-empty
product-nwl2745,NWL2745,availability,Available Qty: 1,Available Qty: 1,Available Qty: 1,unchanged-same
product-nwl2753,NWL2753,title,Pair of American Mid-Century Style Black and Red Imitation Tortoise Shell Mirrors,Pair of American Mid-Century Style Black and Red Imitation Tortoise Shell Mirrors,Pair of American Mid-Century Style Black and Red Imitation Tortoise Shell Mirrors,unchanged-same
product-nwl2753,NWL2753,description,PAIR of American Mid-Century style black and red faux tortoise shell painted bevelled mirrors (PRICED AS PAIR) AVAILABLE INDIVIDUALLY.,PAIR of American Mid-Century style black and red faux tortoise shell painted bevelled mirrors (PRICED AS PAIR) AVAILABLE INDIVIDUALLY.,PAIR of American Mid-Century style black and red faux tortoise shell painted bevelled mirrors (PRICED AS PAIR) AVAILABLE INDIVIDUALLY.,unchanged-same
product-nwl2753,NWL2753,dimensions,,,,both-empty
product-nwl2753,NWL2753,price,"$5,200","$5,200","$5,200",unchanged-same
product-nwl2753,NWL2753,material,,,,both-empty
product-nwl2753,NWL2753,style,Mid-Century,Mid-Century,Mid-Century,unchanged-same
product-nwl2753,NWL2753,period,,,,both-empty
product-nwl2753,NWL2753,availability,Available Qty: 1,Available Qty: 1,Available Qty: 1,unchanged-same
product-dua0026,DUA0026,title,Pair of Edmond Spence American Mid-Century Diamond Walnut Framed Mirrors,Pair of Edmond Spence American Mid-Century Diamond Walnut Framed Mirrors,Pair of Edmond Spence American Mid-Century Diamond Walnut Framed Mirrors,unchanged-same
product-dua0026,DUA0026,description,PAIR of American Mid-Century Diamond Shaped Walnut Framed Mirrors (EDMOND SPENCE).,PAIR of American Mid-Century Diamond Shaped Walnut Framed Mirrors (EDMOND SPENCE).,PAIR of American Mid-Century Diamond Shaped Walnut Framed Mirrors (EDMOND SPENCE).,unchanged-same
product-dua0026,DUA0026,dimensions,,,,both-empty
product-dua0026,DUA0026,price,"$7,200","$7,200","$7,200",unchanged-same
product-dua0026,DUA0026,material,,"Glass, walnut","Glass, walnut",filled-from-archive
product-dua0026,DUA0026,style,Mid-Century,Mid-Century,Mid-Century,unchanged-same
product-dua0026,DUA0026,period,,,,both-empty
product-dua0026,DUA0026,availability,Available Qty: 1,Available Qty: 1,Available Qty: 1,unchanged-same
product-nwl2747,NWL2747,title,Pair of English Georgian Style Carved Armchairs With Geometric Design Fabric,Pair of English Georgian Style Carved Armchairs With Geometric Design Fabric,Pair of English Georgian Style Carved Armchairs With Geometric Design Fabric,unchanged-same
product-nwl2747,NWL2747,description,PAIR of English Georgian style beige and gold painted carved armchairs with light and dark beige diamond pattern upholstery trimmed with nailheads (PRICED AS PAIR).,PAIR of English Georgian style beige and gold painted carved armchairs with light and dark beige diamond pattern upholstery trimmed with nailheads (PRICED AS PAIR).,PAIR of English Georgian style beige and gold painted carved armchairs with light and dark beige diamond pattern upholstery trimmed with nailheads (PRICED AS PAIR).,unchanged-same
product-nwl2747,NWL2747,dimensions,,,,both-empty
product-nwl2747,NWL2747,price,"$6,500","$6,500","$6,500",unchanged-same
product-nwl2747,NWL2747,material,,Fabric,Fabric,filled-from-archive
product-nwl2747,NWL2747,style,English,English,English,unchanged-same
product-nwl2747,NWL2747,period,,,,both-empty
product-nwl2747,NWL2747,availability,Available Qty: 1,Available Qty: 1,Available Qty: 1,unchanged-same
product-063967,063967,title,Pair of English oak Arts & Crafts Floral Upholstered Armchairs,Pair of English oak Arts & Crafts Floral Upholstered Armchairs,Pair of English oak Arts & Crafts Floral Upholstered Armchairs,unchanged-same
product-063967,063967,description,PAIR of English Arts & Crafts oak armchairs with a high square back and upholstered seat and back with a beige floral design of branches with birds (PRICED AS PAIR).,PAIR of English Arts & Crafts oak armchairs with a high square back and upholstered seat and back with a beige floral design of branches with birds (PRICED AS PAIR).,PAIR of English Arts & Crafts oak armchairs with a high square back and upholstered seat and back with a beige floral design of branches with birds (PRICED AS PAIR).,unchanged-same
product-063967,063967,dimensions,,,,both-empty
product-063967,063967,price,"$4,500","$4,500","$4,500",unchanged-same
product-063967,063967,material,,,,both-empty
product-063967,063967,style,English,English,English,unchanged-same
product-063967,063967,period,,,,both-empty
product-063967,063967,availability,,,,both-empty
product-nwl6043,NWL6043,title,Pair of J Robert Scott French Louis XV style Chinoiserie Style Black Armchairs,Pair of J Robert Scott French Louis XV style Chinoiserie Style Black Armchairs,Pair of J Robert Scott French Louis XV style Chinoiserie Style Black Armchairs,unchanged-same
product-nwl6043,NWL6043,description,PAIR of French Louis XV style black lacquered armchairs with chinoiserie decoration and soft beige leather upholsterd seat and back (PRICED AS PAIR) (SALLY SIRKIN LEWIS for J. ROBERT SCOTT).,PAIR of French Louis XV style black lacquered armchairs with chinoiserie decoration and soft beige leather upholsterd seat and back (PRICED AS PAIR) (SALLY SIRKIN LEWIS for J. ROBERT SCOTT).,PAIR of French Louis XV style black lacquered armchairs with chinoiserie decoration and soft beige leather upholsterd seat and back (PRICED AS PAIR) (SALLY SIRKIN LEWIS for J. ROBERT SCOTT).,unchanged-same
product-nwl6043,NWL6043,dimensions,,,,both-empty
product-nwl6043,NWL6043,price,"$7,850","$7,850","$7,850",unchanged-same
product-nwl6043,NWL6043,material,,Leather,Leather,filled-from-archive
product-nwl6043,NWL6043,style,French,French,French,unchanged-same
product-nwl6043,NWL6043,period,,,,both-empty
product-nwl6043,NWL6043,availability,Available Qty: 1,Available Qty: 1,Available Qty: 1,unchanged-same
product-063968,063968,title,Pair of French Regence Grey Upholstered Armchairs,Pair of French Regence Grey Upholstered Armchairs,Pair of French Regence Grey Upholstered Armchairs,unchanged-same
product-063968,063968,description,"PAIR of French Regence (18th Century) walnut carved armchairs with a blue/grey pattern upholstered seat and back with arm pads and having a shaped back and ""H"" form stretcher (PRICED AS PAIR).","PAIR of French Regence (18th Century) walnut carved armchairs with a blue/grey pattern upholstered seat and back with arm pads and having a shaped back and ""H"" form stretcher (PRICED AS PAIR).","PAIR of French Regence (18th Century) walnut carved armchairs with a blue/grey pattern upholstered seat and back with arm pads and having a shaped back and ""H"" form stretcher (PRICED AS PAIR).",unchanged-same
product-063968,063968,dimensions,,,,both-empty
product-063968,063968,price,"$11,000","$11,000","$11,000",unchanged-same
product-063968,063968,material,,,,both-empty
product-063968,063968,style,French,French,French,unchanged-same
product-063968,063968,period,,,,both-empty
product-063968,063968,availability,Available Qty: 1,Available Qty: 1,Available Qty: 1,unchanged-same
product-nwl2749,NWL2749,title,Pair of French Louis XVI Floral Upholstered Bergere Armchairs,Pair of French Louis XVI Floral Upholstered Bergere Armchairs,Pair of French Louis XVI Floral Upholstered Bergere Armchairs,unchanged-same
product-nwl2749,NWL2749,description,PAIR of French Louis XVI style white painted bergere / armchairs  upholstered in light beige with a floral red and yellow pattern (PRICED AS PAIR).,PAIR of French Louis XVI style white painted bergere / armchairs  upholstered in light beige with a floral red and yellow pattern (PRICED AS PAIR).,PAIR of French Louis XVI style white painted bergere / armchairs  upholstered in light beige with a floral red and yellow pattern (PRICED AS PAIR).,unchanged-same
product-nwl2749,NWL2749,dimensions,,,,both-empty
product-nwl2749,NWL2749,price,"$4,950","$4,950","$4,950",unchanged-same
product-nwl2749,NWL2749,material,,Carved,Carved,filled-from-archive
product-nwl2749,NWL2749,style,French,French,French,unchanged-same
product-nwl2749,NWL2749,period,,,,both-empty
product-nwl2749,NWL2749,availability,Available Qty: 1,Available Qty: 1,Available Qty: 1,unchanged-same
product-duf0961,DUF0961,title,Pair of Roger Lecal for Chabrieres & co French Mid-Century Vanity Mirrors,Pair of Roger Lecal for Chabrieres & co French Mid-Century Vanity Mirrors,Pair of Roger Lecal for Chabrieres & co French Mid-Century Vanity Mirrors,unchanged-same
product-duf0961,DUF0961,description,"PAIR of French Mid-Century (1970s) Vanity ""Lipstick"" Mirrors inset in an oval base frame (ROGER LECAL for CHABIERES & CO).","PAIR of French Mid-Century (1970s) Vanity ""Lipstick"" Mirrors inset in an oval base frame (ROGER LECAL for CHABIERES & CO).","PAIR of French Mid-Century (1970s) Vanity ""Lipstick"" Mirrors inset in an oval base frame (ROGER LECAL for CHABIERES & CO).",unchanged-same
product-duf0961,DUF0961,dimensions,,,,both-empty
product-duf0961,DUF0961,price,"$1,800","$1,800","$1,800",unchanged-same
product-duf0961,DUF0961,material,,Glass,Glass,filled-from-archive
product-duf0961,DUF0961,style,Mid-Century,Mid-Century,Mid-Century,unchanged-same
product-duf0961,DUF0961,period,,,,both-empty
product-duf0961,DUF0961,availability,Available Qty: 1,Available Qty: 1,Available Qty: 1,unchanged-same
product-064206,064206,title,Pair Russian Karelian Birch arm chairs,Pair Russian Karelian Birch arm chairs,Pair Russian Karelian Birch arm chairs,unchanged-same
product-064206,064206,description,PAIR of Russian (circa.1850s) karelian birch veneer armchairs having an oval back with a scalloped bottom design and baluster form arm rest and beige upholstered slip seat (PRICED AS PAIR).,PAIR of Russian (circa.1850s) karelian birch veneer armchairs having an oval back with a scalloped bottom design and baluster form arm rest and beige upholstered slip seat (PRICED AS PAIR).,PAIR of Russian (circa.1850s) karelian birch veneer armchairs having an oval back with a scalloped bottom design and baluster form arm rest and beige upholstered slip seat (PRICED AS PAIR).,unchanged-same
product-064206,064206,dimensions,,,,both-empty
product-064206,064206,price,"$15,500","$15,500","$15,500",unchanged-same
product-064206,064206,material,,,,both-empty
product-064206,064206,style,Russian,Russian,Russian,unchanged-same
product-064206,064206,period,,,,both-empty
product-064206,064206,availability,,,,both-empty
product-reg5154,REG5154,title,John Dickinson Style White Lacquer Mirror,John Dickinson Style White Lacquer Mirror,John Dickinson Style White Lacquer Mirror,unchanged-same
product-reg5154,REG5154,description,American Mid-Century White Lacquer vertical rectangular Mirror with lion head masks on the upper corners (style of JOHN DICKINSON).,American Mid-Century White Lacquer vertical rectangular Mirror with lion head masks on the upper corners (style of JOHN DICKINSON).,American Mid-Century White Lacquer vertical rectangular Mirror with lion head masks on the upper corners (style of JOHN DICKINSON).,unchanged-same
product-reg5154,REG5154,dimensions,,,,both-empty
product-reg5154,REG5154,price,"$6,500","$6,500","$6,500",unchanged-same
product-reg5154,REG5154,material,,,,both-empty
product-reg5154,REG5154,style,"Mid-Century, Contemporary/Post-War Design","Mid-Century, Contemporary/Post-War Design","Mid-Century, Contemporary/Post-War Design",unchanged-same
product-reg5154,REG5154,period,,,,both-empty
product-reg5154,REG5154,availability,Available Qty: 1,Available Qty: 1,Available Qty: 1,unchanged-same
product-reg5196,REG5196,title,Baltic Neoclassic Mirror 19th c,Baltic Neoclassic Mirror 19th c,Baltic Neoclassic Mirror 19th c,unchanged-same
product-reg5196,REG5196,description,Continental Baltic Neo-classic (19th Century) Mahogany vertical rectangular Wall Mirror with an ebonzide top panel having a gilt carving and gilt rosettes in all 4 corners.,Continental Baltic Neo-classic (19th Century) Mahogany vertical rectangular Wall Mirror with an ebonzide top panel having a gilt carving and gilt rosettes in all 4 corners.,Continental Baltic Neo-classic (19th Century) Mahogany vertical rectangular Wall Mirror with an ebonzide top panel having a gilt carving and gilt rosettes in all 4 corners.,unchanged-same
product-reg5196,REG5196,dimensions,,,,both-empty
product-reg5196,REG5196,price,"$3,200","$3,200","$3,200",unchanged-same
product-reg5196,REG5196,material,,,,both-empty
product-reg5196,REG5196,style,Continental,Continental,Continental,unchanged-same
product-reg5196,REG5196,period,,,,both-empty
product-reg5196,REG5196,availability,Available Qty: 1,Available Qty: 1,Available Qty: 1,unchanged-same
product-reg5573,REG5573,title,"Large Italian Modern Walnut and Brass Mirror, Attributed to Giovanni Michelucci","Large Italian Modern Walnut and Brass Mirror, Attributed to Giovanni Michelucci","Large Italian Modern Walnut and Brass Mirror, Attributed to Giovanni Michelucci",unchanged-same
product-reg5573,REG5573,description,Italian Mid-Century large square walnut wall mirror with 4 square brass panels in the frame and 4 narrow chrome panels applied over the mirror (Attributed to GIOVANNI MICHELUCCI).,Italian Mid-Century large square walnut wall mirror with 4 square brass panels in the frame and 4 narrow chrome panels applied over the mirror (Attributed to GIOVANNI MICHELUCCI).,Italian Mid-Century large square walnut wall mirror with 4 square brass panels in the frame and 4 narrow chrome panels applied over the mirror (Attributed to GIOVANNI MICHELUCCI).,unchanged-same
product-reg5573,REG5573,dimensions,,,,both-empty
product-reg5573,REG5573,price,"$8,800","$8,800","$8,800",unchanged-same
product-reg5573,REG5573,material,,,,both-empty
product-reg5573,REG5573,style,"Mid-Century, Contemporary/Post-War Design","Mid-Century, Contemporary/Post-War Design","Mid-Century, Contemporary/Post-War Design",unchanged-same
product-reg5573,REG5573,period,,,,both-empty
product-reg5573,REG5573,availability,,,,both-empty
product-057316c,057316C,title,Russian Mahogany Foliate Armchair,Russian Mahogany Foliate Armchair,Russian Mahogany Foliate Armchair,unchanged-same
product-057316c,057316C,description,Russian (1st ½ 19th Cent) mahogany armchair with brocade damask upholstered seat & carved foliate & rosettes on corner of back with sabre form front legs (Matching 6 SIDE CHAIRS: REG0922).,Russian (1st ½ 19th Cent) mahogany armchair with brocade damask upholstered seat & carved foliate & rosettes on corner of back with sabre form front legs (Matching 6 SIDE CHAIRS: REG0922).,Russian (1st ½ 19th Cent) mahogany armchair with brocade damask upholstered seat & carved foliate & rosettes on corner of back with sabre form front legs (Matching 6 SIDE CHAIRS: REG0922).,unchanged-same
product-057316c,057316C,dimensions,,,,both-empty
product-057316c,057316C,price,"$10,500","$10,500","$10,500",unchanged-same
product-057316c,057316C,material,,"Carved, mahogany","Carved, mahogany",filled-from-archive
product-057316c,057316C,style,Russian,Russian,Russian,unchanged-same
product-057316c,057316C,period,,,,both-empty
product-057316c,057316C,availability,,,,both-empty
product-064314,064314,title,American Rustic Horn and Kilim Upholstered Chair / Bench,American Rustic Horn and Kilim Upholstered Chair / Bench,American Rustic Horn and Kilim Upholstered Chair / Bench,unchanged-same
product-064314,064314,description,American Rustic horn (early 20th Century) and Kilim upholstered chair / bench having a 14-point steer horn low chair back with a Middle Eastern Kilim upholstered seat.,American Rustic horn (early 20th Century) and Kilim upholstered chair / bench having a 14-point steer horn low chair back with a Middle Eastern Kilim upholstered seat.,American Rustic horn (early 20th Century) and Kilim upholstered chair / bench having a 14-point steer horn low chair back with a Middle Eastern Kilim upholstered seat.,unchanged-same
product-064314,064314,dimensions,,,,both-empty
product-064314,064314,price,"$1,500","$1,500","$1,500",unchanged-same
product-064314,064314,material,,"Horn, upholstered","Horn, upholstered",filled-from-archive
product-064314,064314,style,"American, Rustic","American, Rustic","American, Rustic",unchanged-same
product-064314,064314,period,,,,both-empty
product-064314,064314,availability,Available Qty: 1,Available Qty: 1,Available Qty: 1,unchanged-same
product-051220,051220,title,Rustic small carved faux twig mirror,Rustic small carved faux twig mirror,Rustic small carved faux twig mirror,unchanged-same
product-051220,051220,description,Rustic Adirondack style small mirror with a walnut and gold trimmed frame with a carved faux twig design.,Rustic Adirondack style small mirror with a walnut and gold trimmed frame with a carved faux twig design.,Rustic Adirondack style small mirror with a walnut and gold trimmed frame with a carved faux twig design.,unchanged-same
product-051220,051220,dimensions,,,,both-empty
product-051220,051220,price,$125,$125,$125,unchanged-same
product-051220,051220,material,,,,both-empty
product-051220,051220,style,"Rustic, American","Rustic, American","Rustic, American",unchanged-same
product-051220,051220,period,,,,both-empty
product-051220,051220,availability,Available Qty: 1,Available Qty: 1,Available Qty: 1,unchanged-same
product-dua0025,DUA0025,title,Sarreid Ltd Mid-Century American Studded Square Brass Frame Mirror,Sarreid Ltd Mid-Century American Studded Square Brass Frame Mirror,Sarreid Ltd Mid-Century American Studded Square Brass Frame Mirror,unchanged-same
product-dua0025,DUA0025,description,Mid-Century American Studded Square Brass Frame Mirror (SARREID LTD).,Mid-Century American Studded Square Brass Frame Mirror (SARREID LTD).,Mid-Century American Studded Square Brass Frame Mirror (SARREID LTD).,unchanged-same
product-dua0025,DUA0025,dimensions,,,,both-empty
product-dua0025,DUA0025,price,"$2,400","$2,400","$2,400",unchanged-same
product-dua0025,DUA0025,material,,"Brass, glass","Brass, glass",filled-from-archive
product-dua0025,DUA0025,style,Mid-Century,Mid-Century,Mid-Century,unchanged-same
product-dua0025,DUA0025,period,,,,both-empty
product-dua0025,DUA0025,availability,Available Qty: 1,Available Qty: 1,Available Qty: 1,unchanged-same
product-051559b,051559B,title,English Lloyd Loom style painted wicker small roundback arm chair,English Lloyd Loom style painted wicker small roundback arm chair,English Lloyd Loom style painted wicker small roundback arm chair,unchanged-same
product-051559b,051559B,description,English Mid-Century blacik painted wicker small roundback arm chair (LLOYD LOOM).,English Mid-Century blacik painted wicker small roundback arm chair (LLOYD LOOM).,English Mid-Century blacik painted wicker small roundback arm chair (LLOYD LOOM).,unchanged-same
product-051559b,051559B,dimensions,,,,both-empty
product-051559b,051559B,price,$395,$395,$395,unchanged-same
product-051559b,051559B,material,,"Painted, wicker","Painted, wicker",filled-from-archive
product-051559b,051559B,style,Wicker,Wicker,Wicker,unchanged-same
product-051559b,051559B,period,,,,both-empty
product-051559b,051559B,availability,Available Qty: 1,Available Qty: 1,Available Qty: 1,unchanged-same
product-063966,063966,title,Set of 16 English Adam Style Open Back Side Chairs with Upholstered Cushion,Set of 16 English Adam Style Open Back Side Chairs with Upholstered Cushion,Set of 16 English Adam Style Open Back Side Chairs with Upholstered Cushion,unchanged-same
product-063966,063966,description,SET of 16 English Adam style (20th Century) open back side chairs having 5 slats in a shield from back with a gold and beige stripped upholstered seat (PRICED AS SET).,SET of 16 English Adam style (20th Century) open back side chairs having 5 slats in a shield from back with a gold and beige stripped upholstered seat (PRICED AS SET).,SET of 16 English Adam style (20th Century) open back side chairs having 5 slats in a shield from back with a gold and beige stripped upholstered seat (PRICED AS SET).,unchanged-same
product-063966,063966,dimensions,,,,both-empty
product-063966,063966,price,"$13,200","$13,200","$13,200",unchanged-same
product-063966,063966,material,,,,both-empty
product-063966,063966,style,English,English,English,unchanged-same
product-063966,063966,period,,,,both-empty
product-063966,063966,availability,,,,both-empty
product-nwl7232,NWL7232,title,Set of 18 American Mid-Century Red Vinyl Tufted Side Chairs,Set of 18 American Mid-Century Red Vinyl Tufted Side Chairs,Set of 18 American Mid-Century Red Vinyl Tufted Side Chairs,unchanged-same
product-nwl7232,NWL7232,description,18 American Mid-Century dining side chairs with a red vinyl seat and tufted back having a bentwood stretcher (PRICE EACH).,18 American Mid-Century dining side chairs with a red vinyl seat and tufted back having a bentwood stretcher (PRICE EACH).,18 American Mid-Century dining side chairs with a red vinyl seat and tufted back having a bentwood stretcher (PRICE EACH).,unchanged-same
product-nwl7232,NWL7232,dimensions,,,,both-empty
product-nwl7232,NWL7232,price,"$1,100","$1,100","$1,100",unchanged-same
product-nwl7232,NWL7232,material,,,,both-empty
product-nwl7232,NWL7232,style,Mid-Century,Mid-Century,Mid-Century,unchanged-same
product-nwl7232,NWL7232,period,,,,both-empty
product-nwl7232,NWL7232,availability,Available Qty: 18,Available Qty: 18,Available Qty: 18,unchanged-same
product-063969,063969,title,Set of 3 English Windsor Style Black Armchairs,Set of 3 English Windsor Style Black Armchairs,Set of 3 English Windsor Style Black Armchairs,unchanged-same
product-063969,063969,description,"SET of 3 English (19th Century) dark stained Windsor armchairs with triple arched fan back, resting on four slanted legs connected with an ""H"" stretcher (PRICED AS SET).","SET of 3 English (19th Century) dark stained Windsor armchairs with triple arched fan back, resting on four slanted legs connected with an ""H"" stretcher (PRICED AS SET).","SET of 3 English (19th Century) dark stained Windsor armchairs with triple arched fan back, resting on four slanted legs connected with an ""H"" stretcher (PRICED AS SET).",unchanged-same
product-063969,063969,dimensions,,,,both-empty
product-063969,063969,price,"$3,750","$3,750","$3,750",unchanged-same
product-063969,063969,material,,,,both-empty
product-063969,063969,style,English,English,English,unchanged-same
product-063969,063969,period,,,,both-empty
product-063969,063969,availability,Available Qty: 1,Available Qty: 1,Available Qty: 1,unchanged-same
product-nwl7230,NWL7230,title,30 Italian Mid-Century Red Vinyl Dining/ Side Chairs,30 Italian Mid-Century Red Vinyl Dining/ Side Chairs,30 Italian Mid-Century Red Vinyl Dining/ Side Chairs,unchanged-same
product-nwl7230,NWL7230,description,30 American Mid-Century dining side chairs with a red vinyl seat and  back with naihead trim and having a bentwood stretcher (PRICED EACH) (similar set of 18-NWL7232).,30 American Mid-Century dining side chairs with a red vinyl seat and  back with naihead trim and having a bentwood stretcher (PRICED EACH) (similar set of 18-NWL7232).,30 American Mid-Century dining side chairs with a red vinyl seat and  back with naihead trim and having a bentwood stretcher (PRICED EACH) (similar set of 18-NWL7232).,unchanged-same
product-nwl7230,NWL7230,dimensions,,,,both-empty
product-nwl7230,NWL7230,price,$750,$750,$750,unchanged-same
product-nwl7230,NWL7230,material,,,,both-empty
product-nwl7230,NWL7230,style,Mid-Century,Mid-Century,Mid-Century,unchanged-same
product-nwl7230,NWL7230,period,,,,both-empty
product-nwl7230,NWL7230,availability,Available Qty: 1,Available Qty: 1,Available Qty: 1,unchanged-same
product-063971,063971,title,Set of 4 French Directoire Curled Armchairs,Set of 4 French Directoire Curled Armchairs,Set of 4 French Directoire Curled Armchairs,unchanged-same
product-063971,063971,description,SET of 4 French Directoire (19th Century) mahogany armchairs with scroll form arms and gold upholstered seat and back (PRICED AS SET).,SET of 4 French Directoire (19th Century) mahogany armchairs with scroll form arms and gold upholstered seat and back (PRICED AS SET).,SET of 4 French Directoire (19th Century) mahogany armchairs with scroll form arms and gold upholstered seat and back (PRICED AS SET).,unchanged-same
product-063971,063971,dimensions,,,,both-empty
product-063971,063971,price,"$6,500","$6,500","$6,500",unchanged-same
product-063971,063971,material,,,,both-empty
product-063971,063971,style,French,French,French,unchanged-same
product-063971,063971,period,,,,both-empty
product-063971,063971,availability,,,,both-empty
product-nwl6103,NWL6103,title,Set of 4 English Queen Anne Style Side Chairs,Set of 4 English Queen Anne Style Side Chairs,Set of 4 English Queen Anne Style Side Chairs,unchanged-same
product-nwl6103,NWL6103,description,SET of 4 English Queen Anne style (20th Century) side chairs with a green and cream vertical stripped upholstered slipseat cushion with an open splat form back (PRICED AS SET).,SET of 4 English Queen Anne style (20th Century) side chairs with a green and cream vertical stripped upholstered slipseat cushion with an open splat form back (PRICED AS SET).,SET of 4 English Queen Anne style (20th Century) side chairs with a green and cream vertical stripped upholstered slipseat cushion with an open splat form back (PRICED AS SET).,unchanged-same
product-nwl6103,NWL6103,dimensions,,,,both-empty
product-nwl6103,NWL6103,price,"$5,600","$5,600","$5,600",unchanged-same
product-nwl6103,NWL6103,material,,"Fabric, wood","Fabric, wood",filled-from-archive
product-nwl6103,NWL6103,style,English,English,English,unchanged-same
product-nwl6103,NWL6103,period,,,,both-empty
product-nwl6103,NWL6103,availability,Available Qty: 1,Available Qty: 1,Available Qty: 1,unchanged-same
product-reg5534,REG5534,title,Set of Eight Osvaldo Borsani Italian Modern Mahogany and Brass Dining Chairs,Set of Eight Osvaldo Borsani Italian Modern Mahogany and Brass Dining Chairs,Set of Eight Osvaldo Borsani Italian Modern Mahogany and Brass Dining Chairs,unchanged-same
product-reg5534,REG5534,description,"8 Italian Mid-Century modern dark mahogany dining side chairs with brass sabot and white upholstered seat and shaped back with nailhead trim, (OSVALDO B ORSANI).","8 Italian Mid-Century modern dark mahogany dining side chairs with brass sabot and white upholstered seat and shaped back with nailhead trim, (OSVALDO B ORSANI).","8 Italian Mid-Century modern dark mahogany dining side chairs with brass sabot and white upholstered seat and shaped back with nailhead trim, (OSVALDO B ORSANI).",unchanged-same
product-reg5534,REG5534,dimensions,,,,both-empty
product-reg5534,REG5534,price,"$24,000","$24,000","$24,000",unchanged-same
product-reg5534,REG5534,material,,,,both-empty
product-reg5534,REG5534,style,Mid-Century,Mid-Century,Mid-Century,unchanged-same
product-reg5534,REG5534,period,,,,both-empty
product-reg5534,REG5534,availability,Available Qty: 1,Available Qty: 1,Available Qty: 1,unchanged-same
product-036612,036612,title,Pair of Siamese Pilaster Temple Figures,Pair of Siamese Pilaster Temple Figures,Pair of Siamese Pilaster Temple Figures,unchanged-same
product-036612,036612,description,PAIR of Asian Siamese style pilaster life size temple figures with wings and praying hands (19th Cent).,PAIR of Asian Siamese style pilaster life size temple figures with wings and praying hands (19th Cent).,PAIR of Asian Siamese style pilaster life size temple figures with wings and praying hands (19th Cent).,unchanged-same
product-036612,036612,dimensions,,,,both-empty
product-036612,036612,price,"$12,000","$12,000","$12,000",unchanged-same
product-036612,036612,material,,Gilt / giltwood,Gilt / giltwood,filled-from-archive
product-036612,036612,style,Asian,Asian,Asian,unchanged-same
product-036612,036612,period,,,,both-empty
product-036612,036612,availability,Available Qty: 1,Available Qty: 1,Available Qty: 1,unchanged-same
product-dua0031,DUA0031,title,Stig Lindberg of Gustavsberg Scandinavian Mid-Century Floral Ribbon Faience Mirror,Stig Lindberg of Gustavsberg Scandinavian Mid-Century Floral Ribbon Faience Mirror,Stig Lindberg of Gustavsberg Scandinavian Mid-Century Floral Ribbon Faience Mirror,unchanged-same
product-dua0031,DUA0031,description,Scandinavian Mid-Century Faience Mirror with a white background showing multi-colored flowers in a shaped rectangular frame (STIG LINDBERG OF GUSTAVSBERG).,Scandinavian Mid-Century Faience Mirror with a white background showing multi-colored flowers in a shaped rectangular frame (STIG LINDBERG OF GUSTAVSBERG).,Scandinavian Mid-Century Faience Mirror with a white background showing multi-colored flowers in a shaped rectangular frame (STIG LINDBERG OF GUSTAVSBERG).,unchanged-same
product-dua0031,DUA0031,dimensions,,,,both-empty
product-dua0031,DUA0031,price,"$3,500","$3,500","$3,500",unchanged-same
product-dua0031,DUA0031,material,,Glass,Glass,filled-from-archive
product-dua0031,DUA0031,style,Mid-Century,Mid-Century,Mid-Century,unchanged-same
product-dua0031,DUA0031,period,,,,both-empty
product-dua0031,DUA0031,availability,Available Qty: 1,Available Qty: 1,Available Qty: 1,unchanged-same
product-nwl7924,NWL7924,title,Pair of Swedish Neoclassical Ebonized Benches with Side Arms,Pair of Swedish Neoclassical Ebonized Benches with Side Arms,Pair of Swedish Neoclassical Ebonized Benches with Side Arms,unchanged-same
product-nwl7924,NWL7924,description,"PAIR of Swedish Neoclassical ebonized benches with baluster side arms, brocade upholdsteries, ending on tapered legs (PRICED AS PAIR).","PAIR of Swedish Neoclassical ebonized benches with baluster side arms, brocade upholdsteries, ending on tapered legs (PRICED AS PAIR).","PAIR of Swedish Neoclassical ebonized benches with baluster side arms, brocade upholdsteries, ending on tapered legs (PRICED AS PAIR).",unchanged-same
product-nwl7924,NWL7924,dimensions,,,,both-empty
product-nwl7924,NWL7924,price,"$2,800","$2,800","$2,800",unchanged-same
product-nwl7924,NWL7924,material,,,,both-empty
product-nwl7924,NWL7924,style,French,French,French,unchanged-same
product-nwl7924,NWL7924,period,,,,both-empty
product-nwl7924,NWL7924,availability,Available Qty: 1,Available Qty: 1,Available Qty: 1,unchanged-same
product-012668b,012668B,title,Pair of Thai Gilt and Jeweled Figures,Pair of Thai Gilt and Jeweled Figures,Pair of Thai Gilt and Jeweled Figures,unchanged-same
product-012668b,012668B,description,PAIR of Asian Thai (19/20th Cent) carved figures with gold and jeweled glass clothes on square shaped base.,PAIR of Asian Thai (19/20th Cent) carved figures with gold and jeweled glass clothes on square shaped base.,PAIR of Asian Thai (19/20th Cent) carved figures with gold and jeweled glass clothes on square shaped base.,unchanged-same
product-012668b,012668B,dimensions,,,,both-empty
product-012668b,012668B,price,"$9,000","$9,000","$9,000",unchanged-same
product-012668b,012668B,material,,"Cloth, glass, gold, gilt / giltwood, carved","Cloth, glass, gold, gilt / giltwood, carved",filled-from-archive
product-012668b,012668B,style,Asian,Asian,Asian,unchanged-same
product-012668b,012668B,period,,,,both-empty
product-012668b,012668B,availability,Available Qty: 1,Available Qty: 1,Available Qty: 1,unchanged-same
product-gov011f,GOV011F,title,"Tristan Govignon ""Celestial Offerings, Old Man in the Moon"" Mount","Tristan Govignon ""Celestial Offerings, Old Man in the Moon"" Mount","Tristan Govignon ""Celestial Offerings, Old Man in the Moon"" Mount",unchanged-same
product-gov011f,GOV011F,description,"Tristan Govignon contemporary bronze wall mount of a stylized celestial sculpture.  Triple clear powder coated bronze wall mount. (""Celestial Offerings, Old Man In the Moon,"" TRISTAN GOVIGNON )..","Tristan Govignon contemporary bronze wall mount of a stylized celestial sculpture.  Triple clear powder coated bronze wall mount. (""Celestial Offerings, Old Man In the Moon,"" TRISTAN GOVIGNON )..","Tristan Govignon contemporary bronze wall mount of a stylized celestial sculpture.  Triple clear powder coated bronze wall mount. (""Celestial Offerings, Old Man In the Moon,"" TRISTAN GOVIGNON )..",unchanged-same
product-gov011f,GOV011F,dimensions,,,,both-empty
product-gov011f,GOV011F,price,"$9,800","$9,800","$9,800",unchanged-same
product-gov011f,GOV011F,material,,Bronze,Bronze,filled-from-archive
product-gov011f,GOV011F,style,Contemporary/Post-War Design,Contemporary/Post-War Design,Contemporary/Post-War Design,unchanged-same
product-gov011f,GOV011F,period,,,,both-empty
product-gov011f,GOV011F,availability,Available Qty: 1,Available Qty: 1,Available Qty: 1,unchanged-same
product-gov011e,GOV011E,title,"Tristan Govignon ""Celestial Offerings, Triple Sunburst"" Mount","Tristan Govignon ""Celestial Offerings, Triple Sunburst"" Mount","Tristan Govignon ""Celestial Offerings, Triple Sunburst"" Mount",unchanged-same
product-gov011e,GOV011E,description,"Tristan Govignon contemporary bronze wall mount of a stylized celestial sculpture.  Triple clear powder coated bronze wall mount. (""Celestial Offerings, Triple Sunburst"" TRISTAN GOVIGNON )..","Tristan Govignon contemporary bronze wall mount of a stylized celestial sculpture.  Triple clear powder coated bronze wall mount. (""Celestial Offerings, Triple Sunburst"" TRISTAN GOVIGNON )..","Tristan Govignon contemporary bronze wall mount of a stylized celestial sculpture.  Triple clear powder coated bronze wall mount. (""Celestial Offerings, Triple Sunburst"" TRISTAN GOVIGNON )..",unchanged-same
product-gov011e,GOV011E,dimensions,,,,both-empty
product-gov011e,GOV011E,price,"$12,500","$12,500","$12,500",unchanged-same
product-gov011e,GOV011E,material,,Bronze,Bronze,filled-from-archive
product-gov011e,GOV011E,style,Contemporary/Post-War Design,Contemporary/Post-War Design,Contemporary/Post-War Design,unchanged-same
product-gov011e,GOV011E,period,,,,both-empty
product-gov011e,GOV011E,availability,Available Qty: 1,Available Qty: 1,Available Qty: 1,unchanged-same
product-042378,042378,title,Victorian Bronze Dore Peacock Figure,Victorian Bronze Dore Peacock Figure,Victorian Bronze Dore Peacock Figure,unchanged-same
product-042378,042378,description,French Victorian life size bronze dore figure of peacock (signed: Lesoudier).,French Victorian life size bronze dore figure of peacock (signed: Lesoudier).,French Victorian life size bronze dore figure of peacock (signed: Lesoudier).,unchanged-same
product-042378,042378,dimensions,,,,both-empty
product-042378,042378,price,"$21,000","$21,000","$21,000",unchanged-same
product-042378,042378,material,,"Bronze, bronze dore","Bronze, bronze dore",filled-from-archive
product-042378,042378,style,French,French,French,unchanged-same
product-042378,042378,period,,,,both-empty
product-042378,042378,availability,Available Qty: 1,Available Qty: 1,Available Qty: 1,unchanged-same
product-035068b,035068B,title,Victorian Pine Draped Female Figures,Victorian Pine Draped Female Figures,Victorian Pine Draped Female Figures,unchanged-same
product-035068b,035068B,description,SET of 4 French Victorian pine figures of classically draped females on scroll carved base (late 19th Cent).,SET of 4 French Victorian pine figures of classically draped females on scroll carved base (late 19th Cent).,SET of 4 French Victorian pine figures of classically draped females on scroll carved base (late 19th Cent).,unchanged-same
product-035068b,035068B,dimensions,,,,both-empty
product-035068b,035068B,price,"$90,000","$90,000","$90,000",unchanged-same
product-035068b,035068B,material,,"Pine, carved","Pine, carved",filled-from-archive
product-035068b,035068B,style,French,French,French,unchanged-same
product-035068b,035068B,period,,,,both-empty
product-035068b,035068B,availability,Available Qty: 1,Available Qty: 1,Available Qty: 1,unchanged-same